{
  "name": "光束构型",
  "icon": "arcanuscontinuum:textures/spell_components/shapes/colored/beam_shape.png",
  "category": "arcanuscontinuum:spellcraft",
  "sortnum": 7,
  "advancement": "arcanuscontinuum:arcane/wizard_level_5",
  "pages": [
    {
      "type": "patchouli:text",
      "text": "重量：中$(br)魔力消耗：0$(br)魔力倍率：+25%$(br)效力修正：+25%$(br)冷却时间：1.5秒$(br2)描述：$(br)在激活法术效果之前，在施法者与目标之间形成一道持续一小会的充能光束。"
    },
    {
      "type": "patchouli:image",
      "border": true,
      "images": [
        "arcanuscontinuum:textures/gui/patchouli/entries/shapes/beam_shape.png"
      ]
    }
  ]
}
