{
  "name": "防护法球构型",
  "icon": "arcanuscontinuum:textures/spell_components/shapes/colored/guardian_orb_shape.png",
  "category": "arcanuscontinuum:spellcraft",
  "sortnum": 13,
  "advancement": "arcanuscontinuum:arcane/wizard_level_10",
  "pages": [
    {
      "type": "patchouli:text",
      "text": "重量：非常重$(br)魔力消耗：0$(br)魔力倍率：+50%$(br)效力修正：+0%$(br)冷却时间：5秒$(br2)描述：$(br)独一无二的构型，它会所定施法者看向的任何实体。如果施法者没有看向任何事物，它会锁定施法者本人。它每五秒施放一次法术效果，并在消失时施法法术中所有的剩余链式内容。"
    },
    {
      "type": "patchouli:image",
      "border": true,
      "images": [
        "arcanuscontinuum:textures/gui/patchouli/entries/shapes/guardian_orb_shape.png"
      ],
      "text": "法术中每个直接与该构型相连的法术效果会锁定施法者8%的魔力值，此状态持续至法球消失。"
    }
  ]
}
