{
  "name": "弹射物构型",
  "icon": "arcanuscontinuum:textures/spell_components/shapes/colored/projectile_shape.png",
  "category": "arcanuscontinuum:spellcraft",
  "sortnum": 4,
  "advancement": "arcanuscontinuum:arcane/wizard_level_3",
  "pages": [
    {
      "type": "patchouli:text",
      "text": "重量：轻$(br)魔力消耗：0$(br)魔力倍率：+0%$(br)效力修正：-50%$(br)冷却时间：0.5秒$(br2)描述：$(br)创造一枚高速但短寿，且不受重量影响的魔法能量弹射物。"
    },
    {
      "type": "patchouli:image",
      "border": true,
      "images": [
        "arcanuscontinuum:textures/gui/patchouli/entries/shapes/projectile_shape.png"
      ]
    }
  ]
}
