{
  "name": "天罚构型",
  "icon": "arcanuscontinuum:textures/spell_components/shapes/colored/smite_shape.png",
  "category": "arcanuscontinuum:spellcraft",
  "sortnum": 12,
  "advancement": "arcanuscontinuum:arcane/wizard_level_9",
  "pages": [
    {
      "type": "patchouli:text",
      "text": "重量：非常重$(br)魔力消耗：0$(br)魔力倍率：+75%$(br)效力修正：+50%$(br)冷却时间：3秒$(br2)描述：$(br)从天空中召唤一道巨大的魔法光束，作用于每个从中穿过的实体。该构型会略微增强法术效果效力。"
    },
    {
      "type": "patchouli:image",
      "border": true,
      "images": [
        "arcanuscontinuum:textures/gui/patchouli/entries/shapes/smite_shape.png"
      ]
    }
  ]
}
