{
  "name": "触摸构型",
  "icon": "arcanuscontinuum:textures/spell_components/shapes/colored/touch_shape.png",
  "category": "arcanuscontinuum:spellcraft",
  "sortnum": 3,
  "advancement": "arcanuscontinuum:arcane/wizard_level_1",
  "pages": [
    {
      "type": "patchouli:text",
      "text": "重量：非常轻$(br)魔力消耗：0$(br)魔力倍率：+0%$(br)效力修正：+20%$(br)冷却时间：1秒$(br2)描述：$(br)将施法者的法杖中魔法，作用于任何与之触摸的事物。该构型对需要在近距离开展的快速施法有着不错的效果。"
    },
    {
      "type": "patchouli:image",
      "border": true,
      "images": [
        "arcanuscontinuum:textures/gui/patchouli/entries/shapes/touch_shape.png"
      ]
    }
  ]
}
