{
  "category": "hexalia:blocks",
  "name": "装饰性方块",
  "icon": "hexalia:begonia",
  "sortnum": 2,
  "pages": [
    {
      "type": "patchouli:spotlight",
      "item": "hexalia:henbane",
      "text": "这种黄色的花朵出现于平原生物群系。它可合成为黄色染料。"
    },
    {
      "type": "patchouli:spotlight",
      "item": "hexalia:begonia",
      "text": "秋海棠出现于平原生物群系，可合成为粉红色染料。"
    },
    {
      "type": "patchouli:spotlight",
      "item": "hexalia:lavender",
      "text": "薰衣草出现于针叶林生物群系，可合成为紫色染料。"
    },
    {
      "type": "patchouli:spotlight",
      "item": "hexalia:dahlia",
      "text": "大丽花出现于繁花森林生物群系，可合成为橙色染料。"
    },
    {
      "type": "patchouli:spotlight",
      "item": "hexalia:pale_mushroom",
      "text": "这种亮白色的蘑菇会在夜晚发光，种在盆栽里相当于光源。"
    },
    {
      "type": "patchouli:spotlight",
      "item": "hexalia:witchweed",
      "text": "踩到这种粉红色的花丛会给予$(#596e4f)中毒$()。"
    },
    {
      "type": "patchouli:spotlight",
      "item": "hexalia:hexed_bulrush",
      "text": "这种水生植物只出现于浅水区域。"
    },
    {
      "type": "patchouli:spotlight",
      "item": "hexalia:nightshade_bush",
      "text": "这种花丛可合成为黑色染料。"
    },
    {
      "type": "patchouli:spotlight",
      "item": "hexalia:lotus_flower",
      "text": "这些花朵生长于蕴魔长沼生物群系的睡莲之上。"
    },
    {
      "type": "patchouli:spotlight",
      "item": "hexalia:duckweed",
      "text": "这种水生植物出现于蕴魔长沼生物群系。"
    },
    {
      "type": "patchouli:crafting",
      "recipe": "hexalia:candle_skull"
    },
    {
      "type": "patchouli:crafting",
      "recipe": "hexalia:wither_candle_skull"
    },
    {
      "type": "patchouli:crafting",
      "recipe": "hexalia:parchment"
    }
  ]
}