{
  "category": "hexalia:blocks",
  "name": "焚香盘",
  "icon": "hexalia:censer",
  "sortnum": 3,
  "pages": [
    {
      "type": "patchouli:crafting",
      "recipe": "hexalia:censer",
      "text": "这种方块可以用来焚烧$(l:hexalia:resources/herbs)药草$()。将正确配比的药草放入其中，再使用打火石右击焚香盘，即可进行焚烧。焚香盘会在 16 格范围内施加持续 6 分钟的对应效果。"
    },
    {
      "type": "patchouli:spotlight",
      "item": "hexalia:siren_kelp,hexalia:spirit_bloom",
      "title": "抗火实在",
      "text": "在效果时间内，区域内玩家免疫火焰伤害。"
    },
    {
      "type": "patchouli:spotlight",
      "item": "hexalia:ghost_fern,hexalia:spirit_bloom",
      "title": "亡灵之纱",
      "text": "区域内亡灵生物获得发光效果，并对玩家保持中立。"
    },
    {
      "type": "patchouli:spotlight",
      "item": "hexalia:ghost_fern,hexalia:siren_kelp",
      "title": "家畜抚慰",
      "text": "在效果时间内，加快幼年生物的生长速度。"
    },
    {
      "type": "patchouli:spotlight",
      "item": "hexalia:spirit_bloom,hexalia:dreamshroom",
      "title": "铁砧谐和",
      "text": "减少使用区域内的铁砧所需的经验。"
    },
    {
      "type": "patchouli:spotlight",
      "item": "hexalia:siren_kelp,hexalia:dreamshroom",
      "title": "渔夫之惠",
      "text": "增加区域内玩家的垂钓幸运度。"
    },
    {
      "type": "patchouli:spotlight",
      "item": "hexalia:siren_kelp,hexalia:dreamshroom",
      "title": "范围吸物",
      "text": "区域内物品会飞向玩家；如果区域内存在吟风花，则会飞向漏斗。"
    }
  ]
}