{
  "category": "hexalia:enchanted_plants",
  "name": "星辰花",
  "icon": "hexalia:astrylis",
  "sortnum": 1,
  "pages": [
    {
      "type": "patchouli:spotlight",
      "item": "hexalia:astrylis",
      "text": "在夜晚给星辰花喂食$(l:hexalia:rituals/celestial_ritual)天穹水晶$()可激活之。激活后，星辰花会周期性为周围农作物和树苗播撒骨粉，持续 2 分钟。"
    },
    {
      "type": "hexalia:transmutation",
      "recipe": "hexalia:astrylis_transmutation"
    }
  ]
}