{
    "providers": [
        {
            "type":"bitmap",
            "file": "minecraft:font/element_ideographs.png",
            "ascent": 7,
            "chars": [
                "\ud872\udf3b\ud872\udf4a\ud872\udf73\ud872\udf5b\ud872\udf76\u9fcf\ud86d\udffc",
                "\ud872\udf2d\u9fd4\ud86d\udce7\ud86d\udff7\u9feb\u9fec\u9fed"
            ]
        },
        {
            "type":"bitmap",
            "file": "minecraft:font/cjk_punctuations.png",
            "ascent": 7,
            "chars": [
                "\u0000\u0000\u0000\u0000\u0000\u0000\u0000\u0000\u0000\u0000\u0000\u0000\u0000\u0000\u0000\u0000",
                "\u0000\u0000\u0000\u0000\u0000\u0000\u0000\u0000\u0000\u0000\u0000\u0000\u0000\u0000\u0000\u0000",
                "\u0000\uff01\uff02\uff03\uff04\uff05\uff06\uff07\uff08\uff09\uff0a\uff0b\uff0c\uff0d\uff0e\uff0f",
                "\uff10\uff11\uff12\uff13\uff14\uff15\uff16\uff17\uff18\uff19\uff1a\uff1b\uff1c\uff1d\uff1e\uff1f",
                "\uff20\uff21\uff22\uff23\uff24\uff25\uff26\uff27\uff28\uff29\uff2a\uff2b\uff2c\uff2d\uff2e\uff2f",
                "\uff30\uff31\uff32\uff33\uff34\uff35\uff36\uff37\uff38\uff39\uff3a\uff3b\uff3c\uff3d\uff3e\uff3f",
                "\uff40\uff41\uff42\uff43\uff44\uff45\uff46\uff47\uff48\uff49\uff4a\uff4b\uff4c\uff4d\uff4e\uff4f",
                "\uff50\uff51\uff52\uff53\uff54\uff55\uff56\uff57\uff58\uff59\uff5a\uff5b\uff5c\uff5d\uff5e\uff5f",
                "\u0000\u3001\u3002\u0000\u0000\u0000\u0000\u0000\u3008\u3009\u300a\u300b\u300c\u300d\u300e\u300f",
                "\u3010\u3011\u3012\u3013\u3014\u3015\u3016\u3017\u3018\u3019\u301a\u301b\u301c\u301d\u301e\u301f",
                "\u2000\u2001\u2002\u2003\u2004\u2005\u2006\u2007\u2008\u2009\u200a\u0000\u0000\u0000\u0000\u0000",
                "\u0000\u0000\u0000\u0000\u2014\u0000\u0000\u0000\u2018\u2019\u0000\u0000\u201c\u201d\u0000\u0000",
                "\u0000\u0000\u0000\u0000\u0000\u0000\u0000\u0000\u0000\u0000\u0000\u0000\u0000\u0000\u0000\u0000",
                "\u0000\u0000\u0000\u0000\u0000\u0000\u0000\u0000\u0000\u0000\u0000\u0000\u0000\u0000\u0000\u0000",
                "\u0000\u0000\u0000\u0000\u0000\u0000\u0000\u0000\u0000\u0000\u0000\u0000\u0000\u0000\u0000\u0000",
                "\u0000\u0000\u0000\u0000\u0000\u0000\u0000\u0000\u0000\u0000\u0000\u0000\u0000\u0000\u0000\u00b7"
            ]
        },
        {
            "type":"bitmap",
            "file": "minecraft:font/ellipsis.png",
            "ascent": 7,
            "chars": [
                "\u22ef"
            ]
        },
        {
            "type": "bitmap",
            "file": "minecraft:font/2em_dash.png",
            "ascent": 7,
            "chars": [
                "\u2e3a"
            ]
        },
        {
            "type": "legacy_unicode",
            "sizes": "minecraft:font/glyph_sizes.bin",
            "template": "minecraft:font/unicode_page_%s.png"
        }
    ]
}