{
  "name": "巫师之塔",
  "icon": "arcanuscontinuum:magic_door",
  "category": "arcanuscontinuum:structures",
  "pages": [
    {
      "type": "patchouli:text",
      "text": "在整个世界中，能够随机地找到高塔。在其中居住着的资深巫师能够帮助您开启巫师之道。只是需要注意，他们不会同你对话,除非你衣着看起来像他们的一员！$(br2)巫师之塔内充满了珍贵战利品，如果你足够卑鄙，那么就可以将其占为己有！"
    },
    {
      "type": "patchouli:image",
      "border": true,
      "images": [
        "arcanuscontinuum:textures/gui/patchouli/entries/wizard_tower.png"
      ]
    }
  ]
}
