{
  "name": "item.arsomega.sigil_alchemy",
  "icon": "arsomega:sigil_alchemy_active",
  "category": "arsomega:sigils",
  "pages": [
    {
      "type": "patchouli:spotlight",
      "item": "arsomega:sigil_alchemy",
      "text": "炼金印记代表炼金元素。",
      "link_recipe": "true"
    },
    {
      "type": "text",
      "text": "配方：$(br) x x x x x x x $(br) x x - x - x x $(br) x - x x x - x $(br) x x x B x x x $(br) x - x x x - x $(br) x x - x - x x $(br) x x x x x x x $(br) $(br)魔源消耗：500"
    },
    {
      "type": "text",
      "text": "炼金印记可被炼金之精华激活。"
    },
    {
      "type": "patchouli:crafting",
      "recipe": "arsomega:sigil_alchemy_active"
    }
  ]
}