{
  "name": "终极嗅探兽",
  "icon": "minecraft:ultra_sniffer_fur",
  "category": "terramity:bosses",
  "sortnum": 1,
  "pages": [
    {
      "type": "patchouli:text",
      "text": "Terramity最强大的Boss。不适合新手连续挑战。$(br2)当超级嗅探兽处于第二阶段且生命值低于10%时再次雷击即可召唤终极嗅探兽。$(br2)推荐装备：$(br) -毕业套（阅读最后一页）"
    },
	{
      "type": "patchouli:entity",
      "entity": "terramity:ultra_sniffer",
      "scale": 0.8,
	  "offset": 0.65,
	  "rotate": true
    },
	{
      "type": "patchouli:spotlight",
      "text": "这场战斗需要一个坚固且平坦的竞技场，建议使用高爆炸抗性的方块（如黑曜石）搭建。$(br2)与此同时还需要一些路障或柱子阻挡它的激光。",
	  "item": {
		"item": "terramity:lucky_dice"
	  }
    },
	{
	  "type": "patchouli:crafting",
	  "text": "Terramity最强大的Boss，几乎无法杀死，不建议与它对抗。如果你决定这样做，你将获得一些最好的装备作为奖励。推荐装备高机动性饰品以及强大的武器和盔甲。",
	  "recipe": "terramity:lightning_staff_recipe"
    }
  ]
}