{
  "category": "hexalia:brewing",
  "name": "精酿",
  "icon": "hexalia:rustic_bottle",
  "sortnum": 2,
  "pages": [
    {
      "type": "patchouli:crafting",
      "recipe": "hexalia:rustic_bottle",
      "text": "所有精酿酿造配方都需要在对应槽位放有简易药瓶才能开始。"
    },
    {
      "type": "hexalia:small_cauldron",
      "recipe": "hexalia:brew_of_bloodlust_from_small_cauldron",
      "text": "给予$(#cc0000)嗜血$()效果，增加力量，造成伤害时恢复相当于一部分伤害量的生命值。"
    },
    {
      "type": "hexalia:small_cauldron",
      "recipe": "hexalia:brew_of_spikeskin_from_small_cauldron",
      "text": "给予$(#38761d)棘肤$()效果，增加盔甲韧性，将所受伤害的一部分反弹给攻击者。"
    },
    {
      "type": "hexalia:small_cauldron",
      "recipe": "hexalia:brew_of_slimewalker_from_small_cauldron",
      "text": "给予$(#6aa84f)黏液行者$()效果，抵消摔落伤害。按下$(#6aa84f)潜行$()键会向上弹起。"
    },
    {
      "type": "hexalia:small_cauldron",
      "recipe": "hexalia:brew_of_homestead_from_small_cauldron",
      "text": "饮用此精酿后，你会被传送到你设定的重生点处。"
    },
    {
      "type": "hexalia:small_cauldron",
      "recipe": "hexalia:brew_of_siphon_from_small_cauldron",
      "text": "给予$(#9fc5e8)虹吸$()效果，增加挖掘速度，可以吸引距离更远的物品。"
    },
    {
      "type": "hexalia:small_cauldron",
      "recipe": "hexalia:brew_of_daybloom_from_small_cauldron",
      "text": "给予$(#f1c232)日晖$()效果，在白天增加移动速度和生命值恢复速度，但身处黑暗区域会造成伤害。"
    },
     {
      "type": "hexalia:small_cauldron",
      "recipe": "hexforged:brew_of_nightgloom_from_small_cauldron",
      "text": "给予$(#8e8a7e)夜郁$()效果。在夜晚，玩家的挖掘速度变为 2 倍，命中目标时有 25% 概率额外造成魔法伤害。但是，日光会造成失明和虚弱。"
    },
    {
      "type": "hexalia:small_cauldron",
      "recipe": "hexalia:brew_of_arachnid_grace_from_small_cauldron",
      "text": "给予$(#E0E0E0)蜘蛛的恩惠$()效果，可不受阻碍地穿过蜘蛛网，可攀爬垂直墙面，还能免疫中毒。"
    },
    {
      "type": "hexalia:small_cauldron", 
      "recipe": "hexforged:brew_of_familiars_boon_from_small_cauldron",
      "text": "给予$(#b2b28d)密友之惠$()效果，加深你和你忠实同伴之间的纽带。它们处于满生命值状态时，即可借助这种联系从你的灵魂中直接获取力量和防御力，并减缓周围敌对生物的行动。"
    },
    {
      "type": "hexalia:small_cauldron", 
      "recipe": "hexforged:brew_of_verdant_growth_from_small_cauldron",
      "text": "给予$(#5e9c3e)翠绿簇生$()效果，使得你周围的植物迅速成长。你附近的敌对生物会被大地短暂地缠住。"
    }
  ]
}