{
  "name": "媒质布匹",
  "category": "hexcasting:items",
  "icon": "hexic:preferred_mediaweave",
  "advancement": "hexcasting:root",
  "pages": [
    "我化用了$(l:hexcasting:patterns/spells/blockworks#hexcasting:edify)$(action)启迪树苗/$，将羊毛和$(media)媒质/$编织成了布匹。它的行为与$(l:hexcasting:items/thought_knot)$(item)结念绳/$类似，但它只接受$(hex)咒术/$；其他的 iota 不会融入布匹而是会消散。此外，这块布匹还散发着能量，能常态向周围的$(media)媒质/$施加力，无需意识参与。没有比传统的$(hex)咒术/$强到哪里去，却依然很有用。"
  ]
}
