{
  "name": "蜂蜜滴",
  "icon": "complicated_bees:honey_droplet",
  "category": "complicated_bees:bee_products",
  "advancement": "complicated_bees:apiary",
  "pages": [
    {
      "type": "patchouli:text",
      "text": "蜂蜜滴是蜂蜜形成的小型半固态液滴，可用来制作食物，也可用于在$(l:complicated_bees:genetics/analyzer)分析仪$()中安抚蜜蜂。"
    },
    {
      "type": "patchouli:crafting",
      "recipe": "complicated_bees:honeyed_slice"
    },
    {
      "type": "patchouli:smelting",
      "recipe": "complicated_bees:honey_porkchop"
    }
  ]
}