{
  "name": "框架材料",
  "icon": "complicated_bees:waxed_stick",
  "category": "complicated_bees:frames",
  "advancement": "complicated_bees:frame",
  "priority": true,
  "pages": [
    {
      "type": "patchouli:text",
      "text": "普通的木棍完全没法胜任高级的框架；需要用一些涂料包裹它们，以此支持更繁重的任务和更强大的效果。"
    },
    {
      "type": "patchouli:crafting",
      "recipe": "complicated_bees:waxed_stick",
      "recipe2": "complicated_bees:honeyed_stick"
    }
  ]
}