{
  "name": "分析仪",
  "icon": "complicated_bees:analyzer",
  "category": "complicated_bees:genetics",
  "advancement": "complicated_bees:apiary",
  "turnin": "complicated_bees:analyzer",
  "priority": true,
  "pages": [
    {
      "type": "patchouli:text",
      "text": "分析仪能深度考察蜜蜂的基因，非活跃基因也在其列。$(l:complicated_bees:genetics/dominant)鬼鬼祟祟的隐性性状$()再也不会直接毁掉你的杂交种蜜蜂了！"
    },
    {
      "type": "patchouli:crafting",
      "recipe": "complicated_bees:analyzer",
      "title": "聪慧的分析仪",
      "text": "手持使用以打开分析仪界面。"
    },
    {
      "type": "patchouli:text",
      "text": "需在蜜蜂槽放入一只蜜蜂，再在另一槽位放入蜂蜜滴以安抚蜜蜂，而后就可开展分析。分析后，蜜蜂的整个基因组都会呈现在眼前。基因活跃或非活跃，显性或隐性，再加些许特殊的风味文本，以及更多！"
    },
    {
      "type": "patchouli:text",
      "text": "用这些信息配以$(l:complicated_bees:genetics/genetics)庞纳特方格法$()来指导杂交工作，以期获得终极蜜蜂！"
    }
  ]
}
