{
    "name": "涡轮机外壳",
    "icon": "bigreactors:reinforced_turbinecasing",
    "category": "bigreactors:turbine-parts",
    "read_by_default": true,
    "sortnum": 1,
    "pages": [
        {
            "type": "patchouli:spotlight",
            "item": "bigreactors:reinforced_turbinecasing",
            "link_recipe": true,
            "title" : "涡轮机外壳",
            "text": "涡轮机外壳是建造涡轮机的基础方块。$(br2)涡轮机需要它来构建基础框架，支撑它的$(l:bigreactors:turbine/rotor)转子$(/l)，也可以用来填充其他部分。如果你不喜欢涡轮机玻璃，也可以用涡轮机外壳来填充反应堆表面。Housing blocks can also be used to fill the faces of the Turbine if you don't like glass too much.$(br2)You will craft a lot of them."
        },
        {
            "type": "bigreactors:crafting1x",
            "title1": "基础",
            "recipe1": "bigreactors:turbine/basic/casing",
            "title2": "强化",
            "recipe2": "bigreactors:turbine/reinforced/casing"
        },
        {
            "type": "bigreactors:part_usage"
        }
    ]
}