{
    "name": "反应堆燃料注入端口",
    "icon": "bigreactors:reinforced_reactorfluidaccessport",
    "category": "bigreactors:reactor-parts",
    "read_by_default": true,
    "sortnum": 6,
    "pages": [
        {
            "type": "spotlight",
            "item": "bigreactors:reinforced_reactorfluidaccessport",
            "link_recipe": true,
            "title" : "反应堆燃料注入端口",
            "text": "反应堆燃料注入端口允许您向$(l:bigreactors:reactor/part-fuelrod)燃料棒$(/l)中输入或提取流体反应物，从而驱动反应堆工作。$(br2)在它的图形界面中，您可以将端口设置为以下两种模式：在$(bold)输入模式$()下，端口将接受燃料，在$(bold)输出模式$()下，它将输出废料。"
        },
        {
            "type": "crafting-text",
            "text": "A $(l:bigreactors:misc/wrench)wrench$(/l) can be used to change the Port mode.$(br2)Unlike with the Solid Access Port, there is no loss of material using the Fuel Injection Port.",
            "title1": "强化",
            "recipe": "bigreactors:reactor/reinforced/fluidaccessport"
        },
        {
            "type": "part_usage"
        }
    ]
}