{
  "category": "hexalia:rituals",
  "name": "翠绿之心仪式",
  "icon": "hexforged:elderwood",
  "sortnum": 9,
  "pages": [
    {
      "type": "patchouli:spotlight",
      "item": "hexforged:elderwood",
      "title": "翠绿之心",
      "text": "荒古木心是远古时代稀有而神圣的遗物。很久之前，荒古木傀儡仍在树林之中行走，守卫神圣的大地，祝福送来花卉献礼的旅者。$(br)现如今，只有极少的荒古木心在柳树的木髓深处残存了下来。"
    },
    {
      "type": "patchouli:image",
      "images": ["hexforged:textures/gui/elderwood0.png"],
      "title": " ",
      "text": "在用于仪式时，荒古木心会散发出强大的自然魔法气场。"
    },
    {
      "type": "patchouli:text",
      "title": "仪式",
      "text": "将 1 块盈水泥土埋入地面，再在上方放置 2 个柳木原木，最后将荒古木心放在柱顶；这就是仪式柱。$(br)在仪式柱周围放置 4 个盐底仪式木堆，距离 3 格。向各个木堆放入任意种类的花。$(br)上述准备完成后，对荒古木心使用巫能聚焦杖开始仪式。$(br)仪式激活后，用任意药水右击荒古木心，即可将药水的效果融入荒古木心的魔法气场。"
    },
    {
      "type": "patchouli:image",
      "images": ["hexforged:textures/gui/elderwood1.png"],
      "title": " ",
      "text": " ."
    },
    {
      "type": "patchouli:text",
      "title": "注意事项",
      "text": "激活后，对荒古木心使用巫能聚焦杖可禁用仪式。$(br)魔法气场的剩余时间由环形的绿色粒子指示⸺粒子越淡，剩余时间越少。$(br)在附近培育农作物可延长剩余时间。如有需要，荒古木心还会汲取完全长成的农作物的能量以补充自身。"
    },
    {
      "type": "patchouli:image",
      "images": ["hexforged:textures/gui/elderwood2.png"],
      "title": " ",
      "text": " ."
    }
  ]
}
