{
  "name": "匿踪效果",
  "icon": "arcanuscontinuum:textures/spell_components/effects/colored/anonymity_effect.png",
  "category": "arcanuscontinuum:spellcraft",
  "sortnum": 303,
  "advancement": "arcanuscontinuum:arcane/wizard_level_5",
  "pages": [
    {
      "type": "patchouli:text",
      "text": "重量：无$(br)魔力消耗：5$(br)冷却时间：0秒$(br2)描述：$(br)使目标的外观与名称得到短暂掩盖。链式该效果会使持续时间更久。"
    },
    {
      "type": "patchouli:image",
      "border": true,
      "images": [
        "arcanuscontinuum:textures/gui/patchouli/entries/effects/anonymity_effect.png"
      ]
    }
  ]
}
