{
  "name": "建造效果",
  "icon": "arcanuscontinuum:textures/spell_components/effects/colored/build_effect.png",
  "category": "arcanuscontinuum:spellcraft",
  "sortnum": 400,
  "advancement": "arcanuscontinuum:arcane/wizard_level_7",
  "pages": [
    {
      "type": "patchouli:text",
      "text": "重量：无$(br)魔力消耗：5$(br)冷却时间：0秒$(br2)描述：$(br)放置一个短时存在的魔法方块。对紧要关头的建造大为有益！链式该效果会使方块存续时间更久。"
    },
    {
      "type": "patchouli:image",
      "border": true,
      "images": [
        "arcanuscontinuum:textures/gui/patchouli/entries/effects/build_effect.png"
      ]
    }
  ]
}
