{
  "name": "伤害效果",
  "icon": "arcanuscontinuum:textures/spell_components/effects/colored/damage_effect.png",
  "category": "arcanuscontinuum:spellcraft",
  "sortnum": 100,
  "advancement": "arcanuscontinuum:arcane/wizard_level_1",
  "pages": [
    {
      "type": "patchouli:text",
      "text": "重量：无$(br)魔力消耗：4$(br)冷却时间：4秒$(br2)描述：$(br)对目标造成少量伤害。链式该效果使伤害更高。"
    },
    {
      "type": "patchouli:image",
      "border": true,
      "images": [
        "arcanuscontinuum:textures/gui/patchouli/entries/effects/damage_effect.png"
      ]
    }
  ]
}
