{
  "name": "麻痹效果",
  "icon": "arcanuscontinuum:textures/spell_components/effects/colored/electric_effect.png",
  "category": "arcanuscontinuum:spellcraft",
  "sortnum": 102,
  "advancement": "arcanuscontinuum:arcane/wizard_level_2",
  "pages": [
    {
      "type": "patchouli:text",
      "text": "重量：无$(br)魔力消耗：2$(br)冷却时间：0秒$(br2)描述$(br)使目标进入短暂的受阻状态，无法进行攻击或使用物品。链式该效果会使持续时间更久。"
    },
    {
      "type": "patchouli:image",
      "border": true,
      "images": [
        "arcanuscontinuum:textures/gui/patchouli/entries/effects/electric_effect.png"
      ]
    }
  ]
}
