{
  "name": "飘浮效果",
  "icon": "arcanuscontinuum:textures/spell_components/effects/colored/levitate_effect.png",
  "category": "arcanuscontinuum:spellcraft",
  "sortnum": 401,
  "advancement": "arcanuscontinuum:arcane/wizard_level_6",
  "pages": [
    {
      "type": "patchouli:text",
      "text": "重量：无$(br)魔力消耗：3$(br)冷却时间：0秒$(br2)描述：$(br)使目标获得短暂的飘浮状态效果。链式该效果会使持续时间更久。"
    },
    {
      "type": "patchouli:image",
      "border": true,
      "images": [
        "arcanuscontinuum:textures/gui/patchouli/entries/effects/levitate_effect.png"
      ]
    }
  ]
}
