{
  "name": "挖掘效果",
  "icon": "arcanuscontinuum:textures/spell_components/effects/colored/mine_effect.png",
  "category": "arcanuscontinuum:spellcraft",
  "sortnum": 304,
  "advancement": "arcanuscontinuum:arcane/wizard_level_4",
  "pages": [
    {
      "type": "patchouli:text",
      "text": "重量：无$(br)魔力消耗：7$(br)冷却时间：0秒$(br2)描述：$(br)破坏作为它目标的任何方块。链式该效果会提高可破坏的方块种类（挖掘等级），最多提升至4（黑曜石）。"
    },
    {
      "type": "patchouli:image",
      "border": true,
      "images": [
        "arcanuscontinuum:textures/gui/patchouli/entries/effects/mine_effect.png"
      ]
    }
  ]
}
