{
  "name": "生命恢复效果",
  "icon": "arcanuscontinuum:textures/spell_components/effects/colored/regenerate_effect.png",
  "category": "arcanuscontinuum:spellcraft",
  "sortnum": 202,
  "advancement": "arcanuscontinuum:arcane/wizard_level_7",
  "pages": [
    {
      "type": "patchouli:text",
      "text": "重量：无$(br)魔力消耗：6$(br)冷却时间：0秒$(br2)描述：$(br)使目标获得短暂的生命恢复状态效果。链式该效果会增强生命恢复强度。"
    },
    {
      "type": "patchouli:image",
      "border": true,
      "images": [
        "arcanuscontinuum:textures/gui/patchouli/entries/effects/regenerate_effect.png"
      ]
    }
  ]
}
