{
  "name": "传送效果",
  "icon": "arcanuscontinuum:textures/spell_components/effects/colored/teleport_effect.png",
  "category": "arcanuscontinuum:spellcraft",
  "sortnum": 403,
  "advancement": "arcanuscontinuum:arcane/wizard_level_10",
  "pages": [
    {
      "type": "patchouli:text",
      "text": "重量：无$(br)魔力消耗：7.5$(br)冷却时间：0秒$(br2)描述：$(br)传送施法者，不过仅支持一小段距离。链式该效果增加传送距离。"
    },
    {
      "type": "patchouli:image",
      "border": true,
      "images": [
        "arcanuscontinuum:textures/gui/patchouli/entries/effects/teleport_effect.png"
      ]
    }
  ]
}
