{
  "name": "核源铁头盔",
  "sortnum": 1,
  "category": "justdirethings:armor",
  "icon": "justdirethings:ferricore_helmet",
  "pages": [
    {
      "type": "patchouli:text",
      "text": "核源铁头盔的形制接近古代的战士头盔，能够提供基础的防护。它的防御力略强于铁头盔，且可经由升级和能力提升防护功能。"
    },
    {
      "type": "patchouli:crafting",
      "title": "核源铁头盔的配方",
      "recipe": "justdirethings:ferricore_helmet"
    }
  ]
}
