{
  "name": "蚀空合金头盔",
  "sortnum": 20,
  "category": "justdirethings:armor",
  "icon": "justdirethings:eclipsealloy_helmet[justdirethings:forge_energy=500000]",
  "pages": [
    {
      "type": "patchouli:text",
      "text": "蚀空合金头盔是盔甲科技的巅峰，容量极大，足有 500,000FE。维持最佳状态即要注意维持供能，推荐使用$(l:justdirethings:item_pocket_generator)便携发电器$(/l)。"
    },
    {
      "type": "patchouli:crafting",
      "title": "蚀空合金头盔的配方",
      "recipe": "justdirethings:eclipsealloy_helmet"
    }
  ]
}
