{
  "name": "苍穹晶胸甲",
  "sortnum": 10,
  "category": "justdirethings:armor",
  "icon": "justdirethings:celestigem_chestplate[justdirethings:forge_energy=10000]",
  "pages": [
    {
      "type": "patchouli:text",
      "text": "苍穹晶胸甲的各项功能均以 FE 为基础，它最多能承载 10,000FE。推荐使用$(l:justdirethings:item_pocket_generator)便携发电器$(/l)作为辅助能源。"
    },
    {
      "type": "patchouli:crafting",
      "title": "苍穹晶胸甲的配方",
      "recipe": "justdirethings:celestigem_chestplate"
    }
  ]
}
