{
  "name": "初级流体放置器",
  "sortnum": 15,
  "category": "justdirethings:machines",
  "icon": "justdirethings:fluidplacert1",
  "pages": [
    {
      "type": "patchouli:text",
      "text": "和$(l:justdirethings:mach_blockplacert1)初级方块放置器$(/l)能够自动放置方块类似，初级流体放置器可以自动放置流体。$(br2)界面中的槽位接受铁桶，以及流体罐等能盛装流体的物品。"
    },
    {
      "type": "patchouli:text",
      "text": "界面的左侧是流体储罐，用于显示机器内存有何种流体。若机器内已有超出 1,000mB 的流体，且其前方没有流体或方块，则它会将流体倒出到世界中。"
    },
    {
      "type": "patchouli:crafting",
      "title": "初级流体放置器",
      "recipe": "justdirethings:fluidplacert1"
    }
  ]
}
