{
  "name": "传送流体",
  "sortnum": 30,
  "category": "justdirethings:resources",
  "icon": "justdirethings:portal_fluid_bucket",
  "pages": [
    {
      "type": "patchouli:text",
      "text": "高级传送枪的运作需要传送流体。制造这种流体只需往多态流体中投入传送流体催化剂。$(br2)需注意，在末地之外的不稳定传送流体会立即分解殆尽！"
    },
    {
      "type": "patchouli:crafting",
      "recipe": "justdirethings:portal_fluid_catalyst",
      "text": "制作不稳定流体所需的催化剂。$(br2)而后需用虚空辉凝胶及以上品质的凝胶稳定流体。稳定后的流体可在末地外长时间存在。"
    }
  ]
}
