{
  "name": "巫师",
  "icon": "arcanuscontinuum:wizard_spawn_egg",
  "category": "arcanuscontinuum:mobs",
  "pages": [
    {
      "type": "patchouli:text",
      "text": "巫师是村民的亲戚，然而他们更喜欢独居在那些与危险的村庄相隔绝的地方。如果找到他们，他们不会跟你交谈除非向他们证明你自己也是巫师之一，通常你需要穿着其中一件即可。$(br2)如果他们相信你是个巫师，他们甚至会用魔法物品同你展开交易，包括那能够让您增强自我力量的珍稀知识卷轴！"
    },
    {
      "type": "patchouli:image",
      "border": true,
      "images": [
        "arcanuscontinuum:textures/gui/patchouli/entries/wizard.png"
      ]
    }
  ]
}
