{
  "name": "更多砧",
  "sortnum": 1,
  "category": "justdirethings:justdynathings",
  "icon": "justdynathings:eclipse_alloy_anvil",
  "pages": [
    {
      "type": "patchouli:text",
      "text": "不耗经验就能修复物品的特殊砧。"
    },
    {
      "type": "patchouli:crafting",
      "title": "核源铁砧",
      "recipe": "justdynathings:ferricore_anvil",
      "text": "使用催化剂修复工具的砧。"
    },
    {
      "type": "patchouli:crafting",
      "title": "烈焰金砧",
      "recipe": "justdynathings:blazegold_anvil",
      "text": "使用高温流体修复物品的砧。"
    },
    {
      "type": "patchouli:crafting",
      "title": "苍穹晶砧",
      "recipe": "justdynathings:celestigem_anvil",
      "text": "使用 Forge 能量（FE）修复物品的砧。"
    },
    {
      "type": "patchouli:crafting",
      "title": "蚀空合金砧",
      "recipe": "justdynathings:eclipse_alloy_anvil",
      "text": "和苍穹晶砧一样使用 Forge 能量（FE）修复物品的砧。"
    },
    {
      "type": "patchouli:text",
      "text": "引入冷却剂后，此砧会根据 (冷却剂效率) / 100 x (总损坏值) 公式计算每刻修复量；如果总损坏值小于 1000，$(bold)就可瞬间修复完毕$()。"
    }
  ]
}
