{
  "name": "大地之力",
  "sortnum": 11,
  "category": "justdirethings:justdynathings",
  "icon": "justdynathings:thermo_generator",
  "pages": [
    {
      "type": "patchouli:crafting",
      "title": "热力发电器",
      "recipe": "justdynathings:thermo_generator",
      "text": "根据热源方块和流体冷却剂产生 Forge 能量的新型发电机。"
    },
    {
      "type": "patchouli:multiblock",
      "multiblock": {
        "pattern": [["T"], ["M"],["0"]],
        "mapping": {
          "M": "minecraft:magma_block",
          "T": "justdynathings:thermo_generator[active=true,facing=down]"
        }
      },
      "enable_visualize": false
    }
  ]
}
