{
  "name": "安顿蜜蜂",
  "icon": "complicated_bees:apiary",
  "category": "complicated_bees:started",
  "advancement": "complicated_bees:recipes/misc/apiary",
  "turnin": "complicated_bees:apiary",
  "pages": [
    {
      "type": "patchouli:text",
      "text": "在拿到蜜蜂之后，应该为它们建设居所，它们就会在里面生产甜甜的蜂蜜了！蜂房就很合乎要求⸺里面有为蜜蜂、框架、产物设计的便捷空间。这个神奇的小方块就是养蜂人（如果要换个特别点的称呼，那就是“养蜂员”）最好的朋友！"
    },
    {
      "type": "patchouli:crafting",
      "recipe": "complicated_bees:apiary",
      "title": "构造简单的蜂房",
      "text": "可以用任意种类的蜜脾制造蜂房！"
    },
    {
      "type": "patchouli:text",
      "text": "等找到养蜂的合适位置，放下蜂房，再往其中左侧上方的槽位放进公主蜂，其下方的槽位放进雄蜂。这就算是准备好了！公主蜂和雄蜂会结合为蜂后；若是满足这种蜜蜂的要求，它便会产出蜜脾。如果左侧的竖条变为红色，将鼠标悬停在其上即可查看蜂后还有什么需求。"
    },
    {
      "type": "patchouli:text",
      "text": "蜂后死亡时会产生后代：固定有一只公主蜂，还有数只雄蜂（数量由生育能力基因决定！）。这些雄蜂的基因组合是母本和父本的半随机组合。更多信息参见$(l:complicated_bees:genetics/genetics)遗传学概览章节$()。"
    }
  ]
}