{
  "category": "hexalia:items",
  "name": "巫能聚焦杖",
  "icon": "hexalia:hex_focus",
  "sortnum": 0,
  "pages": [
    {
      "type": "patchouli:spotlight",
      "item": "hexalia:hex_focus",
      "text": "巫能聚焦杖是触发模组中各类事件的工具。目前，它可以用来触发原材料备齐的各类$(l:hexalia:rituals/ritual_of_transmutation)仪式$()。$(br2)它还能将深板岩转化成$(l:hexalia:rituals/ritual_table)仪式台$()。"
    },
    {
      "type": "patchouli:crafting",
      "recipe": "hexalia:hex_focus"
    }
  ]
}