{
  "name": "扭曲框架",
  "icon": "complicated_bees:twisting_frame",
  "category": "complicated_bees:frames",
  "advancement": "complicated_bees:frame",
  "pages": [
    {
      "type": "patchouli:text",
      "text": "此框架利用了灵魂沙的诱变性，以促进蜜蜂的突变。不过，困在其中的灵魂发出的哭号从不停歇，这通常会对蜜蜂产生些⋯⋯不良影响。"
    },
    {
      "type": "patchouli:crafting",
      "recipe": "complicated_bees:twisting_frame"
    }
  ]
}