{
  "name": "蜜蜂分类器",
  "icon": "complicated_bees:bee_sorter",
  "category": "complicated_bees:machines",
  "advancement": "complicated_bees:recipes/misc/bee_sorter",
  "pages": [
    {
      "type": "patchouli:text",
      "text": "蜜蜂分类器能分类和分拣送入其中的蜜蜂。$(br2)可从任意一面向其送入物品。它会将物品存入其内部的单槽位缓冲空间，并向过滤匹配的任意面自动输出。具体规则详见后页："
    },
    {
      "type": "patchouli:crafting",
      "recipe": "complicated_bees:bee_sorter",
      "title": "蜜蜂分类器",
      "text": "$(o)盒中之脑$(br2)$()"
    },
    {
      "type": "patchouli:text",
      "text": "方块的每一面都有对应的颜色标记。与方块交互可打开 GUI。$(br2)左侧为类型过滤器，点击可在雄蜂、公主蜂、蜂后、任意蜜蜂、非蜜蜂、禁止所有物品间切换。$(br2)每行剩余的六个槽位是品种过滤器，0 为主要品种，1 为次要品种。拿起蜜蜂左击或右击，或从配方浏览器中拖放，均可设置品种过滤槽。"
    },
    {
      "type": "patchouli:image",
      "images": ["complicated_bees:textures/gui/patchouli/machines/bee_sorter.png"],
      "title": "蜂巢",
      "border": true,
      "text": "去向取决于过滤器匹配的程度⋯⋯"
    },
    {
      "type": "patchouli:text",
      "text": "⋯⋯比如说，按照前页设置的蜜蜂分类器会向白色面输出任意森林-平原雄蜂，其他以森林为主要品种的雄蜂会向黑色面输出，其余所有雄蜂则会随机向红色和蓝色面输出。$(br2)默认情况下，分类器会自动输出；红石信号可禁用此功能。"
    }
  ]
}