{
  "name": "蜂蜜发电机",
  "icon": "complicated_bees:honey_generator",
  "category": "complicated_bees:machines",
  "advancement": "complicated_bees:recipes/misc/honey_generator",
  "pages": [
    {
      "type": "patchouli:text",
      "text": "你手头上应该很快就积压了花不光的蜂蜜。拿来做食物确实很不错，但还可以在蜂蜜发电机中焚烧多余的蜂蜜（和其他某些蜜蜂制品）来产出更多 RF！"
    },
    {
      "type": "patchouli:crafting",
      "recipe": "complicated_bees:honey_generator",
      "title": "蜂蜜发电机",
      "text": "$(o)蜂蜜就是力量$(br2)$()"
    }
  ]
}