{
  "name": "精华覆层配方",
  "category": "hexalia:coating",
  "icon": "hexalia:rustic_bottle",
  "sortnum": 7,
  "pages": [
    {
      "type": "patchouli:spotlight",
      "item": "hexforged:essence_coat",
      "title": "墓灾精华",
      "text": "$(l)$(#4c8da8)灵魂收割：$(br)$()击杀亡灵生物时收割其灵魂。每有 1 个灵魂可造成 0.1 点额外伤害。$(br)覆层持续时间：300 秒。$(br)$(br)$(o)$(#248A8B)“黑暗的酊剂，能把游荡的灵魂捆绑到刀锋上。”"
    },
    {
      "type": "patchouli:text",
      "title": "原材料",
      "text": "- 1x 曼德拉草$(br)- 1x 简易药瓶$(br)- 2x 寒莓$(br)- 4x 骨头$(br)- 2x 灵魂沙$(br)- 1x 发酵蛛眼$(br)- 1x 恶魂之泪"
    },
    {
      "type": "patchouli:spotlight",
      "item": "hexforged:essence_coat",
      "title": "兽牙精华",
      "text": "$(l)$(#439a52)残暴剧毒：$(br)$()击中目标时给予其中毒或流血。对兽类生物额外造成 10% 的伤害。$(br)覆层持续时间：100 秒。$(br)$(br)$(o)$(#248A8B)“荒野的利齿在命中后会留下长久的疤痕。”"
    },
    {
      "type": "patchouli:text",
      "title": "原材料",
      "text": "- 1x 曼德拉草$(br)- 1x 简易药瓶$(br)- 2x 残暴卷心菜$(br)- 2x 蜜脾$(br)- 1x 兔子脚$(br)- 1x 蜘蛛眼$(br)- 1x 生牛肉"
    },
    {
      "type": "patchouli:spotlight",
      "item": "hexforged:essence_coat",
      "title": "血棘精华",
      "text": "$(l)$(#b13535)生命收割：$(br)$()成功击中目标后额外获得 10% 的生命窃取。$(br)覆层持续时间：100 秒。$(br)$(br)$(o)$(#248A8B)“绯红色的灵药，会随死者的血液起舞，每一击都会恢复持有者的生命力。”"
    },
    {
      "type": "patchouli:text",
      "title": "原材料",
      "text": "- 1x 曼德拉草$(br)- 1x 简易药瓶$(br)- 1x 凋灵玫瑰$(br)- 2x 残暴卷心菜$(br)- 1x 嗜血精酿"
    },
    {
      "type": "patchouli:spotlight",
      "item": "hexforged:essence_coat",
      "title": "深渊精华",
      "text": "$(l)$(#0052fc)海洋狂暴：$(br)$()对水生生物额外造成 25% 的伤害。$(br)覆层持续时间：180 秒。$(br)$(br)$(o)$(#248A8B)“这种精华出自最深邃的海洋，它能精准命中海中敌人的致命弱点。”"
    },
    {
      "type": "patchouli:text",
      "title": "原材料",
      "text": "- 1x 曼德拉草$(br)- 1x 简易药瓶$(br)- 1x 水桶$(br)- 1x 海泡菜$(br)- 2x 海螺草"
    },
    {
      "type": "patchouli:spotlight",
      "item": "hexforged:essence_coat",
      "title": "巫灾精华",
      "text": "$(l)$(#9a4c8a)巫灾之锋：$(br)$()对女巫、唤魔者、末影人、恼鬼额外造成 25% 的伤害。$(br)覆层持续时间：190 秒。$(br)$(br)$(o)$(#248A8B)“从古老的反魔法材料蒸馏精炼而来，它足以烧穿黑炼金术的帷幔。”"
    },
    {
      "type": "patchouli:text",
      "title": "原材料",
      "text": "- 1x 曼德拉草$(br)- 1x 简易药瓶$(br)- 4x 荧石粉$(br)- 1x 闪烁的西瓜片$(br)- 2x 发光浆果$(br)- 1x 净化盐$(br)- 1x 巫青蒲$(br)- 1x 树脂"
    },
    {
      "type": "patchouli:spotlight",
      "item": "hexforged:essence_coat",
      "title": "铁缚精华",
      "text": "$(l)$(#a89a4c)固强狂暴：$(br)$()每有 4 点护甲值，额外获得相当于护甲值总量 5% 的攻击伤害。$(br)覆层持续时间：250 秒。$(br)$(br)$(o)$(#248A8B)“历经战火的造物，会将防御力转变成极其粗暴的进攻威能。”"
    },
    {
      "type": "patchouli:text",
      "title": "原材料",
      "text": "- 1x 曼德拉草$(br)- 1x 简易药瓶$(br)- 2x 铁块$(br)- 1x 铁胸甲$(br)- 2x 燧石$(br)- 2x 红石"
    },    
    {
      "type": "patchouli:spotlight",
      "item": "hexforged:essence_coat",
      "title": "风刃精华",
      "text": "$(l)$(#4ca89a)旋风之舞：$(br)$()击中敌人后，1 秒内下一次攻击会变得极为迅速。$(br)覆层持续时间：160 秒。$(br)$(br)$(o)$(#248A8B)“就和风暴的暴怒一般，每一次攻击都会增强下一次。”"
    },
    {
      "type": "patchouli:text",
      "title": "原材料",
      "text": "- 1x 曼德拉草$(br)- 1x 简易药瓶$(br)- 1x 气之结点$(br)- 2x 蚕丝纤维$(br)- 2x 糖"
    },
    
    {
      "type": "patchouli:relations",
      "title": "相关条目",
      "text": "下方条目与自然精华仪式和精华覆层仪式有关。",
      "entries": [
        "hexalia:nature_essence_ritual",
        "hexalia:cauldron_ritual"
      ]
    }
  ]
}
