{
  "name": "精华覆层",
  "category": "hexalia:coating",
  "icon": "hexforged:essence_coat",
  "sortnum": 6,
  "pages": [
    {
      "type": "patchouli:relations",
      "title": "相关条目",
      "text": "下方条目与自然精华仪式和精华覆层仪式有关。",
      "entries": [
        "hexalia:nature_essence_ritual",
        "hexalia:cauldron_ritual"
      ]
    },
    {
      "type": "patchouli:text",
      "title": "覆层是什么？",
      "text": "精华覆层是一种炼金液体，能赋予武器多种效果。$(br)覆层需通过一种特殊的炼药锅仪式制备。"
    },
    {
      "type": "patchouli:text",
      "title": "效果与用途",
      "text": "- 每种精华覆层都会为武器提供独特的增益。$(br)- 增益可以是增加对特定生物的伤害，也可以是给予特殊能力。$(br)$(br)需在铁砧中为武器施加覆层。"
    },
    {
      "type": "patchouli:text",
      "title": "局限",
      "text": "- 同一时刻下，一把武器上只能存在*一种*覆层。$(br)- 施加新覆层即会洗去旧覆层。$(br)- 覆层只对剑、斧等近战武器起效。"
    },
    {
      "type": "patchouli:text",
      "title": " ",
      "text": "务必注意覆层的剩余时间！覆层会随时间逐渐脱落。"
    }
   
  ]
}
