{
  "category": "hexalia:rituals",
  "name": "自然精华仪式",
  "icon": "minecraft:rose_bush",
  "sortnum": 4,
  "pages": [
    {
      "type": "patchouli:text",
      "title": "自然精华仪式",
      "text": "在制作覆层之前，应先施展自然精华仪式。$(br)此仪式会将自然的原始能量融入水桶，以供炼药锅中进行进一步的炼金操作。"
    },
    {
      "type": "patchouli:spotlight",
      "title": "仪式原材料",
      "item": "hexalia:hex_focus",
      "text": "所需物品：$(br)- 1 把巫能聚焦杖$(br)- 1 个仪式木堆$(br)- 1 个水桶$(br)- 1 个盈水耕地$(br)- 8 种不同的花（种类不限）$(br)注意：所有花都要求互不相同，不可存在两株同类的花！"
    },
    {
      "type": "patchouli:spotlight",
      "item": "hexalia:ritual_brazier",
      "text": "将水桶放入木堆。$(br)将盈水耕地放在木堆下方 1 格处。$(br)正确摆放各原材料。$(br)以巫能聚焦杖右击木堆即会将其点燃，并启动仪式。"
    },
    {
      "type": "patchouli:image",
      "images": ["hexforged:textures/gui/nature_essence_ritual_icon.png"],
      "title": "仪式",
      "text": "用 8 种不同的花以正方形包围仪式木堆，并在木堆下方放置盈水耕地。"
    },
    {
      "type": "patchouli:spotlight",
      "title": " ",
      "item": "hexforged:nature_essence_bucket",
      "text": "仪式成功后，水桶会变成自然精华桶，同时引发一场雷暴。$(br)将自然精华倒入炼药锅，准备开始覆层仪式吧。"
    },
    {
      "type": "patchouli:image",
      "images": ["hexforged:textures/gui/nature_essence_cauldron_icon.png"],
      "title": " ",
      "text": "可供精华覆层仪式使用的炼药锅。"
    },
    {
      "type": "patchouli:relations",
      "title": "相关条目",
      "text": "下方条目与精华覆层有关。",
      "entries": [
        "hexalia:essence_coatings",
        "hexalia:essence_coatings_recepies"
      ]
    }
  ]
}
