{
  "name": "养蜂员盔甲",
  "icon": "complicated_bees:apiarist_helmet",
  "category": "complicated_bees:other",
  "advancement": "complicated_bees:propolis",
  "pages": [
    {
      "type": "patchouli:text",
      "text": "某些蜜蜂对周遭所有事物都极为有害；有一套特种盔甲能挡住它们。穿有整套养蜂员盔甲的人基本不会受到周围蜜蜂的特殊效果的影响。"
    },
    {
      "type": "patchouli:crafting",
      "recipe": "complicated_bees:woven_mesh",
      "title": "编织丝网",
      "text": "你需要的是一种特殊的基础材料⸺丝缕，由离心$(l:complicated_bees:other/propolis)蜂胶$()获得。这种材料完美胜任。"
    },
    {
      "type": "patchouli:crafting",
      "recipe": "complicated_bees:apiarist_helmet",
      "recipe2": "complicated_bees:apiarist_chestplate"
    },
    {
      "type": "patchouli:crafting",
      "recipe": "complicated_bees:apiarist_leggings",
      "recipe2": "complicated_bees:apiarist_boots"
    }
  ]
}