{
    "name": "内部运作",
    "icon": "bigreactors:basic_reactorfuelrod",
    "category": "bigreactors:reactor",
    "read_by_default": true,
    "sortnum": 1,
    "pages": [
        {
            "type": "patchouli:text",
            "text": "反应堆是如何$(l:bigreactors:reactor/passive)发电$(/l)或$(l:bigreactors:reactor/active)使冷却剂蒸发$(/l)的?$(br2)利用热量。$(br2)受到辐射的$(l:bigreactors:reactor/reactants)燃料$(/l)升温, $(l:bigreactors:reactor/moderators)减速剂$(/l)吸收部分辐射并将热量从$(l:bigreactors:reactor/part-fuelrod)燃料棒$(/l)转移到$(l:bigreactors:reactor/part-casing)外壳$(/l)。$(br2)机壳利用热量最终产生能量或蒸发$(l:bigreactors:misc/coolantsystem)冷却剂$(/l)。"
        },
        {
            "type": "patchouli:text",
            "text": "将热量从$(l:bigreactors:reactor/part-fuelrod)燃料棒$(/l)中转移出去是反应堆设计的一个非常重要的方面，而$(l:bigreactors:reactor/moderators)减速剂$(/l)在其中起着关键的作用。同样重要的是，辐射沿垂直于$(l:bigreactors:reactor/part-fuelrod)燃料棒$(/l)轴的方向传播。$(br2)$(italic)请注意，虽然这十分接近，但这仍是一个过度简化了的您反应堆内真实情况的描述$()。"
        }
    ]
}