{
    "name": "反应物",
    "icon": "bigreactors:yellorium_ingot",
    "category": "bigreactors:reactor",
    "read_by_default": true,
    "sortnum": 2,
    "pages": [
        {
            "type": "patchouli:text",
            "text": "反应物是一种用于维持反应堆中的核反应的化学物质。$(br2)反应物有两种：$(li)$(bold)燃料：$()字面意思上，它是用于在$(l:bigreactors:reactor/part-fuelrod)燃料棒$(/l)内维持核链式反应的燃料$(li)$(bold)废料：$()燃料反应完后产生的副产物"
        },
        {
            "type": "patchouli:text",
            "text": "在默认情况下，极限反应堆记录了四种反应物：名为“黄铀”和“蓝晶”的燃料，以及与之相关的废料，“蓝钚”和“磁性金属锭”。$(br2)每个反应物都有一个物品列表用于获取反应物，例如，将其输入到$(l:bigreactors:reactor/part-solidaccessport)反应堆固体访问端口$(/l)。$(br2)例如，可以从$(l:bigreactors:intro/ores)黄铀锭$(/l)中获得黄铀。蓝晶，当从反应堆中输出时，转化为蓝晶锭。"
        },
        {
            "type": "patchouli:text",
            "text": "一些反应物可以在$(l:bigreactors:reprocessor)再处理器$(/l)中利用废料转化获得。$(br2)每种燃料都有自己独特的属性，在反应堆中的表现各不相同。$(br2)其他模组或整合包可以添加自己的反应物，燃料类型和反应物来源或修改/删除默认的反应物。"
        },
        {
            "type": "patchouli:text",
            "text": "可以用来制造反应物的燃料类型的物品有一行特殊的提示，当您启用了 Minecraft 中的$(italic)高级提示框$()(F3 + H)时，您将可以看到它。"
        }
    ]
}