{
  "name": "ars_nouveau.glyph_name.poison_flower",
  "icon": "ars_nouveau:glyph_poison_flower",
  "category": "ars_nouveau:glyphs_1",
  "sortnum": 3,
  "pages": [
    {
      "type": "text",
      "text": "ars_nouveau.glyph_desc.poison_flower"
    },
    {
      "type": "glyph_recipe",
      "recipe": "ars_nouveau:glyph_poison_flower",
      "tier": "一",
      "mana_cost": "中",
      "clay_type": "ars_nouveau:magic_clay",
      "reagent": "minecraft:lily_of_the_valley"
    }
  ]
}