{
    "name": "能源系统",
    "icon": "minecraft:redstone_block",
    "category": "bigreactors:misc",
    "read_by_default": true,
    "pages": [
        {
            "type": "patchouli:text",
            "text": "根据设计，极限反应堆的发电设备并不与《我的世界》中存在的任何能源系统相绑定。$(br2)能量从发电装置中产生，并通过能源接口转换为通用的能量被提取出来。"
        },
        {
            "type": "patchouli:text",
            "text": "安装在反应堆或涡轮机上的能源接口决定了机器的能量输出系统。$(br2)目前，该模组附带了一个$(l:bigreactors:reactor/part-forgepowertap)FE能源接口$(/l)用于输出$(bold)FE$()。$(br2)其他能源系统可以很容易地支持添加新型能源接口。"
        }
    ]
}