{
    "name": "极限扳手",
    "icon": "bigreactors:wrench",
    "category": "bigreactors:misc",
    "read_by_default": true,
    "pages": [
        {
            "type": "patchouli:spotlight",
            "item": "bigreactors:wrench",
            "link_recipe": true,
            "title" : "极限扳手",
            "text": "极限扳手是...嗯...一个扳手。$(br2)你可以用它来改变机器组件的输入/输出模式，如访问端口或流体端口。$(br2)这个扳手同时被标记为Forge扳手，所以你应该能在其他模组中使用它。"
        }
    ]
}