{
    "name": "你的第一个反应堆",
    "icon": "bigreactors:basic_reactorcasing",
    "category": "bigreactors:intro",

    "pages": [
        {
            "type": "patchouli:text",
            "text": "反应堆是一个多方块结构机器，它的主要工作是产生能量，而且是大量的。$(br2)一个多方块结构机器是由许多不同的方块构成的，你需要将它们放在一起以搭建反应堆。$(br2)为了制造和驱动反应堆，你需要黄铀锭，所以去开采一些黄铀矿并立即冶炼它！"
        },
        {
            "type": "bigreactors:zcmultiblock",
            "multiblock_id" : "bigreactors:bookfirstbasicreactor"
        },
        {
            "type": "patchouli:text",
            "text": "要搭建你的第一个反应堆，你需要制作以下基础方块：$(br2)$(li)22x 反应堆外壳$(li)1x 反应堆控制器$(li)1x 反应堆控制杆$(li)1x 燃料棒$(li)1x 反应堆固体访问端口$(li)1x 反应堆主动 FE 能源接口$(br2)反应堆玻璃是可选的，用于替代反应堆外壳。"
        },
        {
            "type": "bigreactors:crafting1x",
            "title1": "反应堆外壳",
            "recipe1": "bigreactors:reactor/basic/casing",
            "title2": "反应堆玻璃",
            "recipe2": "bigreactors:reactor/basic/glass"
        },
        {
            "type": "bigreactors:crafting1x",
            "title1": "反应堆控制器",
            "recipe1": "bigreactors:reactor/basic/controller_ingots_uranium",
            "title2": "反应堆控制杆",
            "recipe2": "bigreactors:reactor/basic/controlrod"
        },
        {
            "type": "bigreactors:crafting1x",
            "title1": "反应堆燃料棒",
            "recipe1": "bigreactors:reactor/basic/fuelrod_ingots_uranium",
            "title2": "反应堆固体访问端口",
            "recipe2": "bigreactors:reactor/basic/solidaccessport"
        },
        {
            "type": "bigreactors:crafting-text",
            "title": "反应堆主动 FE 能源接口",
            "recipe": "bigreactors:reactor/basic/activetap_fe",
            "text": "一旦你制作了所有所需的组件，你就可以着手建造你的第一个反应堆了。$(br2)如下图，将反应堆组件放置在你的世界中，将燃料棒放在中心，底部是一个外壳。"
        },
        {
            "type": "bigreactors:zcmultiblock",
            "multiblock_id" : "bigreactors:bookfirstbasicreactor"
        },
        {
            "type": "patchouli:text",
            "text": "如果一切顺利，当你搭建完成时，反应堆将会形成，你现在可以通过右键单击控制器来打开界面。$(br2)如果没有打开，右键单击你放置的任何反应堆组件，你将得到一个错误信息说明问题出现在何处，一旦你修复了它，反应堆将搭建成功，或是得到另一个错误信息。"
        },
        {
            "type": "patchouli:text",
            "text": "现在你的反应堆已经准备好了，是时候放一些燃料在里面了。$(br2)拿起更多的黄铀锭和右键单击固体访问端口。将端口设置为输入模式，并将您的黄铀锭放在输入槽中。$(br2)黄铀锭将会被很快地消耗并转化为燃料。$(br2)打开控制器界面并打开你的反应堆！"
        },
        {
            "type": "patchouli:text",
            "text": "随着反应堆升温，能量慢慢产生，内部能量缓存被注满。$(br2)要使用储存在反应堆内的能量，你需要将能量管道或机器连接到反应堆 FE 充电端口。$(br)充电端口将向连接的能量管道或机器发送能量。"
        },
        {
            "type": "patchouli:text",
            "text": "恭喜你，你已经成功建造了你的第一个反应堆！$(br2)使用它来生产你游戏早期所需的全部能量，阅读本书的其他部分来建造涡轮机和其他机器。"
        }
    ]
}