{
    "name": "矿石",
    "icon": "bigreactors:yellorite_ore",
    "category": "bigreactors:intro",
    "read_by_default": true,
    "pages": [
        {
            "type": "bigreactors:spotlight-smelting",
            "spotlightItem": "bigreactors:yellorite_ore",
            "spotlightText": "为你的反应堆提供燃料的常见来源。$(br2)黄铀矿几乎可以在所有的生物群系中找到，并且可以被熔炼为黄铀锭。",
            "recipe": "bigreactors:smelting/yellorium_from_ore"
        },
        {
            "type": "bigreactors:spotlight-item",
            "spotlightItem": "bigreactors:benitoite_ore",
            "spotlightText": "蓝锥矿只存在于地狱的最深处，它有一些你还未发现的不寻常的特性。",
            "smallItem": "bigreactors:benitoite_crystal"
        },
        {
            "type": "bigreactors:spotlight-item",
            "spotlightItem": "bigreactors:anglesite_ore",
            "spotlightText": "你需要到达你的旅程的终点，找到这个难以捉摸的晶体，即使你不知道如何利用它们的优势。",
            "smallItem": "bigreactors:anglesite_crystal"
        }
    ]
}