{
  "name": "恶魔诅咒",
  "icon": "ars_nouveau:glyph_demonic_curse",
  "category": "arsomega:spells_4",
  "advancement": "arsomega:restricted_knowledge",
  "sortnum": 3,
  "pages": [
    {
      "type": "text",
      "text": "ars_nouveau.glyph_desc.demonic_curse"
    },
    {
      "type": "glyph_recipe",
      "recipe": "ars_nouveau:glyph_demonic_curse",
      "tier": "四",
      "mana_cost": "高",
      "clay_type": "ars_nouveau:mythical_clay",
      "reagent": "minecraft:nether_star"
    }
  ]
}