{
    "name": "涡轮机转子转轴",
    "icon": "bigreactors:reinforced_turbinerotorshaft",
    "category": "bigreactors:turbine-parts",
    "read_by_default": true,
    "sortnum": 5,
    "pages": [
        {
            "type": "patchouli:spotlight",
            "item": "bigreactors:reinforced_turbinerotorshaft",
            "link_recipe": true,
            "title" : "涡轮机转子转轴",
            "text": "涡轮机转子转轴是涡轮机$(l:bigreactors:turbine/rotor)转子$(/l)的主要部件。$(br2)涡轮机转子转轴必须一个接一个地放置在涡轮机的内部，从$(l:bigreactors:turbine/part-rotorbearing)涡轮机转子轴承$(/l)开始，长度和涡轮机相当，到另一侧的$(l:bigreactors:turbine/part-casing)涡轮机外壳$(/l)结束。$(br2)"
        },
        {
            "type": "bigreactors:crafting1x",
            "title1": "基础",
            "recipe1": "bigreactors:turbine/basic/shaft",
            "title2": "强化",
            "recipe2": "bigreactors:turbine/reinforced/shaft"
        },
        {
            "type": "bigreactors:part_usage"
        }
    ]
}