{
    "name": "涡轮机流体端口",
    "icon": "bigreactors:reinforced_turbinefluidport_forge_passive",
    "category": "bigreactors:turbine-parts",
    "read_by_default": true,
    "sortnum": 7,
    "pages": [
        {
            "type": "patchouli:spotlight",
            "item": "bigreactors:reinforced_turbinefluidport_forge_passive",
            "link_recipe": true,
            "title" : "涡轮机流体端口",
            "text": "涡轮机流体端口允许您从涡轮机中输入或输出流体。$(br2)这个端口可以接受或输出原版的可以作为有效的$(l:bigreactors:misc/coolantsystem)冷却剂或蒸汽$(/l)的流体。$(br2)可以使用$(l:bigreactors:misc/wrench)扳手$(/l)将端口从输入模式转换为输出模式。"
        },
        {
            "type": "bigreactors:crafting1x",
            "title1": "基础(被动)",
            "recipe1": "bigreactors:turbine/basic/passivefluidport_forge",
            "title2": "强化(被动)",
            "recipe2": "bigreactors:turbine/reinforced/passivefluidport_forge"
        },
        {
            "type": "bigreactors:crafting1x",
            "title1": "基础(主动)",
            "recipe1": "bigreactors:turbine/basic/activefluidport_forge",
            "title2": "强化(主动)",
            "recipe2": "bigreactors:turbine/reinforced/activefluidport_forge"
        },
        {
            "type": "bigreactors:part_usage"
        }
    ]
}