{
    "name": "涡轮机转子",
    "icon": "bigreactors:reinforced_turbinerotorshaft",
    "category": "bigreactors:turbine",
    "read_by_default": true,
    "sortnum": 2,
    "pages": [
        {
            "type": "patchouli:text",
            "text": "涡轮机转子是涡轮机的最重要的组成部分，因为它的设计将直接决定涡轮机的$(l:bigreactors:turbine/innerworking)能源生产$(/l)的方式。$(br2)一个转子是由四种不同的方块构成的：$(li)一个单独的转子轴承$(l:bigreactors:turbine/part-rotorbearing)转子轴承$(/l)$(li)一些$(l:bigreactors:turbine/part-rotorshaft)转子转轴$(/l)$(li)一些$(l:bigreactors:turbine/part-rotorblade)转子叶片$(/l)$(li)以及一个$(l:bigreactors:turbine/part-casing)外壳$(/l)。"
        },
        {
            "type": "bigreactors:zcmultiblock",
            "multiblock_id" : "bigreactors:bookturbinerotor"
        },
        {
            "type": "patchouli:text",
            "text": "$(bold)搭建转子$()$(br2)转子可以沿着三个轴（X、Y或Z）搭建在涡轮机中。$(br2)转子的第一个方块必须是$(l:bigreactors:turbine/part-rotorbearing)转子轴承$(/l)，将它放置在涡轮机的任意一个面上，通常在中间。$(br2)从轴承开始，放置足够抵达涡轮机对面的$(l:bigreactors:turbine/part-rotorshaft)涡轮机转子转轴$(/l)并以一个$(l:bigreactors:turbine/part-casing)外壳$(/l)作为最后一个方块。"
        },
        {
            "type": "patchouli:text",
            "text": "转轴搭建完成后，是时候放置一些$(l:bigreactors:turbine/part-rotorblade)转子叶片$(/l)了。它们可以放置在任何与$(l:bigreactors:turbine/part-rotorshaft)转子转轴$(/l)垂直而相邻的位置或其他叶片旁边。$(br2)您的转子可以依据您的喜好添加任意数量的叶片组合。$(br)然而，请注意叶片的数量与涡轮机的蒸汽容量，它们与转子的转速有着重要而直接的联系。"
        },
        {
            "type": "patchouli:text",
            "text": "$(bold)应有多少叶片？$()$(br2)每类叶片变种都有都有一个最大蒸汽容量，它们以最大值捕获和$(italic)使用$()蒸汽来推动转子旋转。$(br2)将鼠标悬停在你涡轮机中的每一个叶片上，查看它的蒸汽容量。$(br2)使用这个值来计算你需要多少叶片来承受你为涡轮机设置的蒸汽流速（在控制器的图形界面中）。"
        },
        {
            "type": "patchouli:text",
            "text": "$(bold)电感线圈$()$(br2)要产生可用的能量，你需要放置至少一些$(l:bigreactors:turbine/coils)电感线圈$(/l)在你的转子的末端的附近（靠近封闭的$(l:bigreactors:turbine/part-casing)涡轮机外壳$(/l)。$(br2)$(italic)记得让它们连接到$(l:bigreactors:turbine/part-controller)控制器$(/l)图形界面！$()$(br2)您可以放置多达三个线圈环，每个线圈环由多达八个线圈块组成。"
        },
        {
            "type": "patchouli:text",
            "text": "混合的线圈类型是被允许的，如果你这样做，涡轮将使用它们属性值的平均值。$(br2)这样做可以让你从容易获得或便宜的线圈开始，然后逐渐更换它们，而不是等待获得足够数量的更稀有或更昂贵的线圈。$(br2)在下一页中，您可以看到添加了一些$(l:bigreactors:turbine/coils)电感线圈$(/l)的示例转子。"
        },
        {
            "type": "bigreactors:zcmultiblock",
            "multiblock_id" : "bigreactors:bookturbinerotor_coil"
        }
    ]
}