{
  "name": "贡献",
  "icon": "terramity:gold_medal",
  "category": "terramity:overview",
  "pages": [
    {
      "type": "patchouli:link",
      "text": "我是Aurukel，写这本书的人，也是mod的作者。你可以看看我的YouTube频道，在那里我发布了很多视频。如果你想联系我，你可以在那里找到我的其他社交平台，比如discord和推特。",
	  "url": "https://www.youtube.com/@aurukel",
	  "link_text": "Aurukel's YouTube"
    },
	  {
      "type": "patchouli:link",
      "text": "从v0.9.4开始，MilkyFur对mod的材质和sprite图进行了彻底的重制，并将在可预见的未来进行一些其他的美术创作。你可以在她的推特上查看她的作品，她是一位伟大的艺术家！",
	  "url": "https://x.com/Milk_Furr",
	  "link_text": "MilkyFur's Twitter"
    },
    {
      "type": "patchouli:link",
      "text": "在0.9.6版本Zphen贡献了宝石系列和铱工具的重制材质。你可以在BlueSky中欣赏他的作品。",
	  "url": "https://bsky.app/profile/zphen.bsky.social",
	  "link_text": "Zphen's BlueSky"
    }
  ]
}