{
    "name": "如何建造一个再处理器",
    "icon": "bigreactors:reprocessorcollector",
    "category": "bigreactors:reprocessor",
    "read_by_default": true,
    "sortnum": 1,
    "pages": [
        {
            "type": "text",
            "text": "再处理器是一个3×3×7的机器，由再处理器外壳和其他部件组成。$(br)再处理器玻璃可以在机器的垂直面上代替外壳（但不能放在边框上）。$(br2)查看每个再处理器部件页面，了解每个部件可放置的位置。"

        },
        {
            "type": "zcmultiblock",
            "multiblock_id" : "bigreactors:bookreprocessor"
        }
    ]
}