{
    "name": "再处理器控制器",
    "icon": "bigreactors:reprocessorcontroller",
    "category": "bigreactors:reprocessor-parts",
    "read_by_default": true,
    "sortnum": 3,
    "pages": [
        {
            "type": "spotlight",
            "item": "bigreactors:reprocessorcontroller",
            "link_recipe": true,
            "title" : "再处理器控制器",
            "text": "再处理器控制器是再处理器的主要交互界面。$(br2)右键单击打开它的用户界面，从而开关再处理器，或是检查机器中的流体和能量的数量以及机器当前的工作状态。"
        },
        {
            "type": "crafting-text",
            "text": "如果将鼠标悬停在界面中的某个材料上，将显示一个提示，其中包含该材料的附加信息或解释性文本。$(br2)",
            "title": "再处理器控制器",
            "recipe": "bigreactors:reprocessor/controller"
        },
        {
            "type": "part_usage"
        }
    ]
}