{
    "name": "再处理器收集器",
    "icon": "bigreactors:reprocessorcollector",
    "category": "bigreactors:reprocessor-parts",
    "read_by_default": true,
    "sortnum": 7,
    "pages": [
        {
            "type": "spotlight",
            "item": "bigreactors:reprocessorcollector",
            "link_recipe": true,
            "title" : "再处理器收集器",
            "text": "一旦再处理工作完成，收集器将从机器内部收集材料。"
        },
        {
            "type": "crafting-part_usage",
            "crafting.title1": "再处理器收集器",
            "crafting.recipe1": "bigreactors:reprocessor/collector"
        }
    ]
}