{
    "name": "再处理器玻璃",
    "icon": "bigreactors:reprocessorglass",
    "category": "bigreactors:reprocessor-parts",
    "read_by_default": true,
    "sortnum": 2,
    "pages": [
        {
            "type": "spotlight",
            "item": "bigreactors:reprocessorglass",
            "link_recipe": true,
            "title" : "再处理器玻璃",
            "text": "再处理器玻璃是装饰性方块，可以用来代替再处理器外壳，以显示再处理器的内部。"
        },
        {
            "type": "crafting-part_usage",
            "crafting.title1": "再处理器玻璃",
            "crafting.recipe1": "bigreactors:reprocessor/glass"
        }
    ]
}