{
  "name": "恶魔领域",
  "icon": "arsomega:demonic_stone",
  "category": "arsomega:demon_realm",
  "advancement": "arsomega:banished",
  "pages": [
    {
      "type": "text",
      "text": "恶魔领域是一片受诅的地域，满是血污与怪物。大多数被放逐至此的人再未归来。然而，领域深层也藏有强大的物品，就看你有没有胆量去寻找了。若需从恶魔领域中返回，则必须找到一处恶魔裂隙并走入其中。"
    },
    {
      "type": "relations",
      "entries":["arsomega:demon_realm/getting_started","arsomega:rituals/ritual_banishment","arsomega:demon_realm/demonic_rift","arsomega:demon_realm/demon_entities"]
    }
  ]
}