{
  "name": "如何入门",
  "icon": "minecraft:magma_block",
  "category": "arsomega:demon_realm",
  "advancement": "arsomega:restricted_knowledge",
  "priority":true,
  "pages": [
    {
      "type": "text",
      "text": "恶魔领域极难进入。没有双向连通的传送门，唯一方式是放逐仪式。但不幸的是，放逐仪式本身需要恶魔掉落的灼热血肉。因此需要先启动一次恶魔召唤仪式。"
    },
    {
      "type": "relations",
      "entries":["arsomega:rituals/ritual_demonic_summoning","arsomega:rituals/ritual_banishment","arsomega:demon_realm/demonic_realm"]
    }
  ]
}