{
  "category": "hexalia:equipment",
  "name": "元素武器",
  "icon": "hexalia:kelpweave_blade",
  "sortnum": 9,
  "pages": [
    {
      "type": "patchouli:text",
      "title": "元素武器",
      "text": "元素武器是融有原初力量的强大武器。每种武器都有其独特的效果，并各自引导着火、气、水、土之精华力量。$(br)这些武器同时拥有被动能力和特殊效果。$(br)它们均需用$(l:hexalia:items/ancient_seed)远古种子$()制造。"
    },
    {
      "type": "patchouli:spotlight",
      "item": "hexforged:nethergrasp_scythe",
      "title": "下界之扼长镰",
      "text": "$(br)$(bold)被动：$()防火，在熔岩附近时会修复自身。$(br2)$(bold)击中时：$()在击中的敌人身后喷出火焰。$(br2)$(bold)额外：$()击中着火的敌人获得抗火。$(br)$(#ff0000)熄灭持有者身上的火焰。$(br)$(#9d9d9d)降雨和身处水中时无法使用。"
    },
    {
      "type": "patchouli:spotlight",
      "item": "hexforged:aetherwing_battlestaff",
      "title": "穹翼战斗之杖",
      "text": "$(br)$(bold)被动：$()持有时获得缓降。$(br2)$(bold)潜行跳跃：$()放出一道风爆，自身向上飞起的同时击退敌人。$(br)$(italic)冷却：$(#9d9d9d)10 秒$()。$(br2)$(bold)额外：$()有独特的连击效果。"
    },
    {
      "type": "patchouli:spotlight",
      "item": "hexalia:kelpweave_blade",
      "title": "海带纤织刀",
      "text": "$(br)$(bold)被动：$()身处水中时持有会修复自身。$(br2)$(bold)击中时：$()每次击中给予目标$(#999999)缓慢 I$() 效果。$(br2)$(bold)潜行时：$()身处水中时向前突进。$(br)$(italic)冷却：$(#335b8a)5 秒$()。"
    },
    {
      "type": "patchouli:spotlight",
      "item": "hexforged:rootbound_mace",
      "title": "根缚钉锤",
      "text": "$(br)$(bold)被动：$()每 4 次攻击中的第 4 次会令目标晕眩 4 秒。$(br2)$(bold)潜行时：$()让附近敌人脚下的岩层爆发，击飞敌人并给予其虚弱。$(br)$(italic)冷却：$(#ae7838)8 秒$()。"
    }
    
  ]
}
