{
  "category": "hexalia:rituals",
  "name": "仪式台",
  "icon": "hexalia:ritual_table",
  "sortnum": 0,
  "pages": [
    {
      "type": "patchouli:spotlight",
      "item": "hexalia:ritual_table",
      "title": "仪式台",
      "text": "对深板岩或深板岩圆石使用$(l:hexalia:items/hex_focus)巫能聚焦杖$()即可获得。"
    },
    {
      "type": "patchouli:image",
      "title": "搭建设施",
      "images": [
        "hexalia:textures/gui/patchouli/ritual_setup.png"
      ],
      "border": false,
      "text": "$(#4b692f)绿色$()：耕地。$(#663931)棕色$()：仪式木堆。$(#383081)蓝色$()：仪式台。"
    },
    {
      "type": "patchouli:spotlight",
      "item": "hexalia:infused_farmland,minecraft:farmland",
      "title": "自然能量",
      "text": "每种仪式都会汲取仪式台周围四块 2×2 耕地中成熟农作物的能量。$(br2)施展仪式时，需确保农作物处于最大生长阶段。"
    },
    {
      "type": "patchouli:spotlight",
      "item": "hexalia:salt,hexalia:ritual_brazier",
      "title": "盐底木堆",
      "text": "除农作物外，仪式台各面还需放置总共 4 个$(l:hexalia:rituals/ritual_braziers)仪式木堆$()，且应为每个木堆撒盐。$(br2)用盐右击仪式木堆即可撒盐。"
    },
    {
      "type": "patchouli:spotlight",
      "item": "hexalia:hex_focus",
      "title": "仪式激活",
      "text": "所有原材料和催发物都备齐后，用$(#6f4fab)巫能聚焦杖$()右击仪式台即可开始仪式。"
    }
  ]
}