{
  "name": "巫师法袍",
  "icon": "arcanuscontinuum:wizard_robes",
  "category": "arcanuscontinuum:artifice",
  "advancement": "arcanuscontinuum:arcane/a_magical_crystal",
  "pages": [
    {
      "type": "patchouli:text",
      "text": "如果想要获得巫师社会的尊重，巫师要有最舒适的法袍。大多数巫师甚至不会跟没有传统巫师服饰的人说话。"
    },
    {
      "type": "patchouli:crafting",
      "recipe": "arcanuscontinuum:wizard_hat",
      "recipe2": "arcanuscontinuum:wizard_robes"
    },
    {
      "type": "patchouli:crafting",
      "recipe": "arcanuscontinuum:wizard_pants",
      "recipe2": "arcanuscontinuum:wizard_boots"
    }
  ]
}
