{
  "name": "蚀空合金胸甲",
  "sortnum": 21,
  "category": "justdirethings:armor",
  "icon": "justdirethings:eclipsealloy_chestplate[justdirethings:forge_energy=500000]",
  "pages": [
    {
      "type": "patchouli:text",
      "text": "这套顶级的胸甲能存下 500,000FE，保护能力登峰造极。为维持最高防御效率，务必时刻配备$(l:justdirethings:item_pocket_generator)便携发电器$(/l)。"
    },
    {
      "type": "patchouli:crafting",
      "title": "蚀空合金胸甲的配方",
      "recipe": "justdirethings:eclipsealloy_chestplate"
    }
  ]
}
