{
  "name": "苍穹晶护腿",
  "sortnum": 11,
  "category": "justdirethings:armor",
  "icon": "justdirethings:celestigem_leggings[justdirethings:forge_energy=10000]",
  "pages": [
    {
      "type": "patchouli:text",
      "text": "苍穹晶护腿的能量存储上限足有 10,000FE，其耐久度因此超出寻常。随身携带$(l:justdirethings:item_pocket_generator)便携发电器$(/l)，即可保持能量充沛。"
    },
    {
      "type": "patchouli:crafting",
      "title": "苍穹晶护腿的配方",
      "recipe": "justdirethings:celestigem_leggings"
    }
  ]
}
