{
  "name": "苍穹晶头盔",
  "sortnum": 9,
  "category": "justdirethings:armor",
  "icon": "justdirethings:celestigem_helmet[justdirethings:forge_energy=10000]",
  "pages": [
    {
      "type": "patchouli:text",
      "text": "苍穹晶头盔的耐久度以 FE 为基石，最多能存储 10,000FE。$(l:justdirethings:item_pocket_generator)便携发电器$(/l)可保其能量充足。"
    },
    {
      "type": "patchouli:crafting",
      "title": "苍穹晶头盔的配方",
      "recipe": "justdirethings:celestigem_helmet"
    }
  ]
}
