{
  "name": "传送枪",
  "sortnum": 10,
  "category": "justdirethings:items",
  "icon": "justdirethings:portalgun[justdirethings:forge_energy=100000]",
  "pages": [
    {
      "type": "patchouli:text",
      "text": "传送枪是一种开创性的设备，能够制造传送门。左击发射的弹射物会产生蓝色传送门，右击则会产生橙色传送门。踏入其一便会出现在另一端，玩家和物品都可穿越。"
    },
    {
      "type": "patchouli:crafting",
      "title": "传送枪的配方",
      "recipe": "justdirethings:portalgun"
    }
  ]
}
