{
  "name": "高级投物器",
  "sortnum": 12,
  "category": "justdirethings:machines",
  "icon": "justdirethings:droppert2",
  "pages": [
    {
      "type": "patchouli:text",
      "text": "高级投物器是$(l:justdirethings:mach_droppert1)初级投物器$(/l)的升级版。$(br2)与大多数高级机器不同，高级投物器不可更改半径，但仍可更改偏移，也即可以在更远处投出物品。"
    },
    {
      "type": "patchouli:text",
      "text": "界面中央 3x3 的网格用于存放可以投出的物品。$(br2)过滤槽用于指定何种物品可以投出，以及按照何种$(l)顺序$()投出！例如，向过滤槽放入圆石，再放入红石粉；则投物器会首先投出圆石，再投出红石粉。$(br2)红石粉耗尽后投物器会停滞，直至再次补充。"
    },
    {
      "type": "patchouli:crafting",
      "title": "高级投物器",
      "recipe": "justdirethings:droppert2"
    }
  ]
}
