{
  "name": "初级投物器",
  "sortnum": 11,
  "category": "justdirethings:machines",
  "icon": "justdirethings:droppert1",
  "pages": [
    {
      "type": "patchouli:text",
      "text": "初级投物器会将物品投出到世界中。$(br2)方向按钮用于改变投出的方向，默认为“下”，和普通的投掷器类似。需要注意，投物器所面对的位置即是投出的位置。"
    },
    {
      "type": "patchouli:text",
      "text": "界面中的数量按钮用于设置投出的物品数量。$(br2)默认为 1，即每次投出 1 个物品；增加该数后会同时投出更多物品。$(br2)设置为 64 时，投物器会一次投出整组。$(br2)注意：设置为 64 并不意味着要$(l)存在$() 64 个物品，而是有则投之。"
    },
    {
      "type": "patchouli:text",
      "text": "“拾取延时”按钮控制投出物品可被拾起前的延时。$(br2)Minecraft 中投出物品后，默认需要等待一段时间才可捡起。此按钮即控制这一延时的长短。$(br2)默认为 0，所有物品均可立即捡起。"
    },
    {
      "type": "patchouli:crafting",
      "title": "初级投物器",
      "recipe": "justdirethings:droppert1"
    }
  ]
}
