{
  "name": "初级煤炭发电器",
  "sortnum": 19,
  "category": "justdirethings:machines",
  "icon": "justdirethings:generatort1",
  "pages": [
    {
      "type": "patchouli:text",
      "text": "初级煤炭发电器是基础的产能机器。除去接受普通的熔炉燃料外，它还接受多种品质的特化煤炭。$(l:justdirethings:res_coal_t1)原初煤炭$(/l)、$(l:justdirethings:res_coal_t2)烈焰烬质$(/l)、$(l:justdirethings:res_coal_t3)虚炎煤炭$(/l)、$(l:justdirethings:res_coal_t4)蚀空烬质$(/l)等特化煤炭的品质越高，其每刻产能速度（FE 每刻，FE/t）和总产能（FE）也越高。"
    },
    {
      "type": "patchouli:text",
      "text": "特化煤炭的品质越高，产能效率也越高。同等数量煤炭的发电时间和能量产出都会更长更高。"
    },
    {
      "type": "patchouli:crafting",
      "title": "合成配方",
      "recipe": "justdirethings:generatort1"
    }
  ]
}
