{
  "name": "高级流体收集器",
  "sortnum": 18,
  "category": "justdirethings:machines",
  "icon": "justdirethings:fluidcollectort2",
  "pages": [
    {
      "type": "patchouli:text",
      "text": "高级流体收集器由$(l:justdirethings:mach_fluidcollectort1)初级流体收集器$(/l)升级而来，能够从更大的区域内收集流体，且可以过滤收集何种流体。$(br2)向过滤槽中放入流体桶，即可过滤该流体。"
    },
    {
      "type": "patchouli:crafting",
      "title": "高级流体收集器",
      "recipe": "justdirethings:fluidcollectort2"
    }
  ]
}
