{
  "name": "机器基础概念",
  "sortnum": 0,
  "category": "justdirethings:machines",
  "icon": "justdirethings:blockbreakert1",
  "pages": [
    {
      "type": "patchouli:text",
      "text": "Just Dire Things 中的大多数机器有两个变种，初级与高级。$(br2)初级机器无需耗能，但通常只能影响其正前方的方块和实体。可以通过“速度（刻）”按钮控制它们的运作速度。"
    },
    {
      "type": "patchouli:text",
      "text": "高级机器功能更强，但需要消耗能量。$(br2)它们通常可以影响较大的区域（可在界面中配置），也有过滤器可供玩家控制它们能操作何种事物。$(br2)此外，它们还会自动为其中接受 FE 的物品充能。"
    }
  ]
}
