{
  "name": "悖论",
  "sortnum": 1,
  "category": "justdirethings:misc",
  "icon": "justdirethings:coal_t4",
  "pages": [
    {
      "type": "patchouli:text",
      "text": "$(bold)警告！！$()$(br2)悖论是过度使用$(l:justdirethings:mach_paradox)悖论机器$(/l)导致的一种时空不稳定现象。$(br2)其尺寸在出现时较小，但会随时间不断增长。尺寸越大，其吸引能力就越强。"
    },
    {
      "type": "patchouli:text",
      "text": "悖论会吸收其影响范围内所有方块、物品，以及实体。被吸收的事物无法再取回！它们的去向无人知晓。$(br2)我们只知道它吸收的越多就长得越快！$(br2)好在它的尺寸似乎有一个上限。"
    },
    {
      "type": "patchouli:text",
      "text": "目前我们对悖论所知不多。科学家们唯一能确定的，是$(l:justdirethings:res_time_crystal)时间水晶$(/l)可以停止悖论。$(br2)往悖论里扔一片应该就行了。$(br2)相信随着研究的不断深入，我们能解明更多秘密。"
    }
  ]
}
