{
  "name": "苍穹晶镐尖斧",
  "sortnum": 19,
  "category": "justdirethings:tools",
  "icon": "justdirethings:celestigem_paxel[justdirethings:forge_energy=10000]",
  "pages": [
    {
      "type": "patchouli:text",
      "text": "苍穹晶镐尖斧融合了镐、斧、锹的能力。它由上述工具合成而来，也会继承它们的升级；可谓功能繁多，且有额外用途。$(br2)在锻造台中组合苍穹晶镐、斧、锹即可获得。先前加装的升级会保留到镐尖斧中。"
    }
  ]
}
