{
  "name": "核源铁锹",
  "sortnum": 3,
  "category": "justdirethings:tools",
  "icon": "justdirethings:ferricore_shovel",
  "pages": [
    {
      "type": "patchouli:text",
      "text": "由坚固的核源铁造成，此锹很适合挖掘泥土、沙子和沙砾。它的表现略强于铁锹，也能加装各种升级，获得多种能力。"
    },
    {
      "type": "patchouli:crafting",
      "recipe": "justdirethings:ferricore_shovel",
      "text": "核源铁锹的配方"
    }
  ]
}
