{
  "name": "苍穹晶锹",
  "sortnum": 15,
  "category": "justdirethings:tools",
  "icon": "justdirethings:celestigem_shovel[justdirethings:forge_energy=10000]",
  "pages": [
    {
      "type": "patchouli:text",
      "text": "由$(l:justdirethings:tool_blazegold_shovel)烈焰金锹$(/l)锻造而来，此锹以 FE 为运作能源。其中足够存下 10,000FE，$(l:justdirethings:item_pocket_generator)便携发电器$(/l)可让其能量充足。"
    },
    {
      "type": "patchouli:crafting",
      "recipe": "justdirethings:celestigem_shovel",
      "text": "苍穹晶锹的配方"
    }
  ]
}
