{
  "name": "死亡保护",
  "sortnum": 1,
  "category": "justdirethings:upgrades",
  "icon": "justdirethings:upgrade_deathprotection",
  "pages": [
    {
      "type": "patchouli:text",
      "text": "死亡保护升级能为你抵挡致命伤害。它会回溯时间，回到死亡之前、生命值还足够充裕的某个时刻！$(br2)需要消耗大量 FE，冷却时间也极长。"
    },
    {
      "type": "patchouli:crafting",
      "title": "死亡保护升级的配方",
      "recipe": "justdirethings:upgrade_deathprotection"
    }
  ]
}
