{
  "name": "地震",
  "sortnum": 1,
  "category": "justdirethings:upgrades",
  "icon": "justdirethings:upgrade_earthquake",
  "pages": [
    {
      "type": "patchouli:text",
      "text": "地震升级能够唤起自然的伟力。此升级能令你周围的地面震颤，延缓附近所有敌人的行动。$(br2)此能力需用键位激活，可在工具设置界面中绑定键位。"
    },
    {
      "type": "patchouli:crafting",
      "title": "地震升级的配方",
      "recipe": "justdirethings:upgrade_earthquake"
    }
  ]
}
