{
  "name": "生物扫描",
  "sortnum": 1,
  "category": "justdirethings:upgrades",
  "icon": "justdirethings:upgrade_mobscanner",
  "pages": [
    {
      "type": "patchouli:text",
      "text": "生物扫描升级需激活使用，适用于核源铁及以上的剑。激活后，附近的敌人会散发出粒子；这些粒子隔着方块也能看见。"
    },
    {
      "type": "patchouli:crafting",
      "title": "生物扫描升级的配方",
      "recipe": "justdirethings:upgrade_mobscanner"
    }
  ]
}
