{
  "name": "垂直清扫",
  "sortnum": 1,
  "category": "justdirethings:upgrades",
  "icon": "justdirethings:upgrade_skysweeper",
  "pages": [
    {
      "type": "patchouli:text",
      "text": "垂直清扫升级无需激活，适用于核源铁及以上的锹。当破坏受重力影响的方块（比如沙砾和沙子），其上方所有同受重力影响的方块均会自动被破坏。挖矿时再也不必担心沙砾塌方了！"
    },
    {
      "type": "patchouli:crafting",
      "title": "垂直清扫升级的配方",
      "recipe": "justdirethings:upgrade_skysweeper"
    }
  ]
}
