{
  "name": "熔岩免疫",
  "sortnum": 1,
  "category": "justdirethings:upgrades",
  "icon": "justdirethings:upgrade_lavaimmunity",
  "pages": [
    {
      "type": "patchouli:text",
      "text": "熔岩免疫升级可使你免受熔岩的炙烤。此升级能让你完全免疫熔岩伤害。$(br2)免疫熔岩的伤害需要消耗 FE，千万不要把能量耗尽了！"
    },
    {
      "type": "patchouli:crafting",
      "title": "熔岩免疫升级的配方",
      "recipe": "justdirethings:upgrade_lavaimmunity"
    }
  ]
}
