{
  "item.cookscollection.lemon": "柠檬",
  "item.cookscollection.salt": "盐",
  "item.cookscollection.sunflower_seeds": "葵花籽",
  "item.cookscollection.cooking_oil": "食用油",
  "item.cookscollection.lemon_muffin": "柠檬玛芬",
  "item.cookscollection.chocolate_muffin": "巧克力玛芬",
  "item.cookscollection.fried_potato": "炸薯条",
  "item.cookscollection.lemonade": "柠檬水",
  "item.cookscollection.rustic_loaf_slice": "乡村面包片",
  "item.cookscollection.fish_and_chips": "炸鱼薯条",

  "recipe.cookscollection.shapeless_baking": "无模烘焙",
  "recipe.cookscollection.shaped_baking": "定模烘焙",

  "emi.category.cookscollection.shapeless_baking": "无模烘焙",
  "emi.category.cookscollection.shaped_baking": "定模烘焙",

  "cookscollection.subtitles.oven.crackle": "烤箱：噼啪作响",
  "cookscollection.subtitles.oven.open": "烤箱：打开",
  "cookscollection.subtitles.oven.close": "烤箱：关闭",
   "cookscollection.subtitles.fruiting_leaves.pick_fruit": "采摘果实",

  "block.cookscollection.oven": "烤箱",
  "block.cookscollection.lemon_log": "柠檬原木",
  "block.cookscollection.lemon_wood": "柠檬木",
  "block.cookscollection.lemon_leaves": "柠檬树叶",
  "block.cookscollection.fruiting_lemon_leaves": "结果柠檬树叶",
  "block.cookscollection.lemon_sapling": "柠檬树苗",
  "block.cookscollection.lemon_crate": "箱装柠檬",
  "block.cookscollection.rustic_loaf": "乡村面包",
  "block.cookscollection.salted_dripstone_block": "盐块",

  "container.cookscollection.oven.heated": "已加热",
  "container.cookscollection.oven.not_heated": "下方需要热源"
}