{
    "name": "如何建造一个流化器",
    "icon": "bigreactors:fluidizersolidinjector",
    "category": "bigreactors:fluidizer",
    "read_by_default": true,
    "sortnum": 2,
    "pages": [
        {
            "type": "text",
            "text": "流化器是一个3×3×3（最小尺寸）的多方块机器，由流化器外壳和其他设备部件一起搭建而成。$(br)流化器玻璃可以在机器的垂直面上代替外壳（但不能放在边框上）。查看每个流化器部件页面，了解每个部件可放置的位置。"

        },
        {
            "type": "zcmultiblock",
            "multiblock_id" : "bigreactors:bookfluidizer"
        }
    ]
}