{
    "name": "操作模式",
    "icon": "bigreactors:verderium_bucket",
    "category": "bigreactors:fluidizer",
    "read_by_default": true,
    "sortnum": 1,
    "pages": [
        {
            "type": "text",
            "text": "根据流化器中的输入口类型与数量，流化器可以以以下三种不同的方式处理材料：$(br2)$(li)$(o)固体模式：$()将固体燃料（如锭）转化为流体燃料。要启用这种模式，您需要一个且仅需要一个流化器固体输入口来代替流化器外壳。"
        },
        {
            "type": "text",
            "text": "$(li)$(o)固体混合模式：$() 将两种固体燃料（如锭）转化为液体并混合制成一种新的燃料。要启用这种模式，机器中需要两个且仅需要两个流化器固体输入口来代替流化器外壳。$(li)$(o)流体混合模式：$() 将两种流体燃料混合制成一种新的燃料。要启用此模式，您需要两个且仅需要两个流化器液体输入口来代替流化器外壳。"
        }
    ]
}