{
    "name": "流化器输出端口",
    "icon": "bigreactors:fluidizeroutputport",
    "category": "bigreactors:fluidizer-parts",
    "read_by_default": true,
    "sortnum": 8,
    "pages": [
        {
            "type": "spotlight",
            "item": "bigreactors:fluidizeroutputport",
            "link_recipe": true,
            "title" : "流化器输出端口",
            "text": "流化器输出端口允许您从流化器中提取流体燃料。$(br2)您可以利用流体管道来自动提取燃料。"
        },
        {
            "type": "crafting-part_usage",
            "crafting.title1": "流化器输出端口",
            "crafting.recipe1": "bigreactors:fluidizer/outputport"
        }
    ]
}