{
    "name": "流化器外壳",
    "icon": "bigreactors:fluidizercasing",
    "category": "bigreactors:fluidizer-parts",
    "read_by_default": true,
    "sortnum": 1,
    "pages": [
        {
            "type": "spotlight",
            "item": "bigreactors:fluidizercasing",
            "link_recipe": true,
            "title" : "流化器外壳",
            "text": "流化器外壳是搭建流化器的基础方块。$(br2)它们被用于搭建框架与其他部分。如果你不喜欢流化器玻璃，也可以用流化器外壳填充流化器表面。"
        },
        {
            "type": "crafting-part_usage",
            "crafting.title1": "流化器外壳",
            "crafting.recipe1": "bigreactors:fluidizer/casing"
        }
    ]
}