{
  "name": "棱彩解药",
  "icon": "terramity:prism_solution_bucket",
  "category": "terramity:misc",
  "pages": [
    {
      "type": "patchouli:text",
      "text": "棱彩解药是Terramity加入的新流体。$(br2)当你身处其中时会给予你生命恢复Buff。该流体还将移除任何掷入其中物品的诅咒附魔。$(br2)在深层地底稀有地生成该流体。"
    },
	{
      "type": "patchouli:image",
      "images": ["terramity:textures/screens/prismatic_pond.png"],
      "border": true
    }
  ]
}