{
  "name": "魔力分摊效果",
  "icon": "arcanuscontinuum:textures/spell_components/effects/colored/mana_split_effect.png",
  "category": "arcanuscontinuum:spellcraft",
  "sortnum": 108,
  "advancement": "arcanuscontinuum:arcane/wizard_level_6",
  "pages": [
    {
      "type": "patchouli:text",
      "text": "重量：无$(br)魔力消耗：6$(br)冷却时间：0秒$(br2)描述：$(br)将施法者与目标的魔力值相加后均分。链式该效果无作用。"
    },
    {
      "type": "patchouli:image",
      "border": true,
      "images": [
        "arcanuscontinuum:textures/gui/patchouli/entries/effects/mana_split_effect.png"
      ]
    }
  ]
}
