{
  "name": "亡灵术效果",
  "icon": "arcanuscontinuum:textures/spell_components/effects/colored/necromancy_effect.png",
  "category": "arcanuscontinuum:spellcraft",
  "sortnum": 107,
  "advancement": "arcanuscontinuum:arcane/wizard_level_9",
  "pages": [
    {
      "type": "patchouli:text",
      "text": "重量：无$(br)魔力消耗：8$(br)冷却时间：0秒$(br2)描述：$(br)召唤一个为施法者作战的亡灵仆从。链式该效果会召唤更多但更弱的亡灵。"
    },
    {
      "type": "patchouli:image",
      "border": true,
      "images": [
        "arcanuscontinuum:textures/gui/patchouli/entries/effects/necromancy_effect.png"
      ]
    }
  ]
}
