{
  "name": "保护效果",
  "icon": "arcanuscontinuum:textures/spell_components/effects/colored/warding_effect.png",
  "category": "arcanuscontinuum:spellcraft",
  "sortnum": 309,
  "advancement": "arcanuscontinuum:arcane/wizard_level_6",
  "pages": [
    {
      "type": "patchouli:text",
      "text": "重量：无$(br)魔力消耗：4$(br)冷却时间：0秒$(br2)描述：$(br)保护目标方块免疫伤害或其他使用用途。链式该效果不会起到任何作用。"
    },
    {
      "type": "patchouli:image",
      "border": true,
      "images": [
        "arcanuscontinuum:textures/gui/patchouli/entries/effects/warding_effect.png"
      ]
    }
  ]
}
